pair_id,llm_match
00290ef68c,0
002f479456,0
0053fd63a4,1
00684e791f,0
0078277f60,0
0083804589,0
008acc0b73,0
00a91cc287,0
00ad0bd9b5,0
00afa37480,1
00b30ade08,1
00ba8020be,0
00c3683657,1
00cd8e96a0,0
00dd8880e4,1
00e99859df,1
010febb95e,0
0112d58f44,0
01136fb23a,1
012c0485b9,0
0137c81e0f,0
0154ab847d,1
01550b9f9b,0
016219ec64,1
01695326bf,1
018750f018,0
01880d55d7,1
018a0cc00f,0
0196971f1b,1
019744342b,0
0197575250,1
01a0d22720,1
01b86990f9,1
01bb31ff20,0
01c694be95,0
01ca98bf8b,1
01d5dc584a,1
01e7c8ac10,1
01f332086e,1
0203e786be,1
0207b6809f,0
0212e099cd,1
021a505c1d,1
022247b9e3,0
0225dff774,1
025db25127,0
02647e6039,1
026f426e2e,1
0289ca69a9,1
0291a8a85f,1
02b7c98aa1,0
02cb48a2d0,0
02f87dc57c,0
03003f9fe2,0
031dae9d0e,0
036fa20db7,0
0370e532f2,0
03b10eadb8,0
03b1fdf622,0
03dd043288,0
