state_fips,county_fips,share65,frac,medinc
01,001,0.1429,0.3933,56580.0
01,003,0.1899,0.2957,52387.0
01,005,0.1733,0.5558,31433.0
01,007,0.1524,0.3974,40767.0
01,009,0.1737,0.2213,50487.0
01,011,0.1532,0.4617,28251.0
01,013,0.1856,0.5337,33868.0
01,015,0.1642,0.4259,42091.0
01,017,0.1854,0.5292,35560.0
01,019,0.2170,0.1557,39144.0
01,021,0.1536,0.3361,42767.0
01,023,0.2142,0.5066,35089.0
01,025,0.1837,0.5249,37317.0
01,027,0.1948,0.3398,38908.0
01,029,0.1855,0.1390,42136.0
01,031,0.1611,0.4587,46858.0
01,033,0.1900,0.3535,41171.0
01,035,0.2123,0.5334,29981.0
01,037,0.2105,0.4791,36078.0
01,039,0.1997,0.2885,36355.0
01,041,0.1801,0.4368,36759.0
01,043,0.1778,0.1436,39290.0
01,045,0.1576,0.4692,45294.0
01,047,0.1639,0.4356,29682.0
01,049,0.1614,0.3222,37305.0
01,051,0.1417,0.4123,53548.0
01,053,0.1681,0.5309,36840.0
01,055,0.1780,0.3598,42145.0
01,057,0.1996,0.2666,37085.0
01,059,0.1612,0.3686,38535.0
01,061,0.1944,0.2835,36289.0
01,063,0.1948,0.3152,25398.0
01,065,0.1764,0.5067,35470.0
01,067,0.2096,0.4552,42501.0
01,069,0.1651,0.4743,43568.0
01,071,0.1890,0.1957,40201.0
01,073,0.1460,0.5596,48415.0
01,075,0.2110,0.2461,36520.0
01,077,0.1874,0.2656,43008.0
01,079,0.1744,0.3917,41771.0
01,081,0.1069,0.4844,46442.0
01,083,0.1428,0.3806,55060.0
01,085,0.1727,0.4049,31117.0
01,087,0.1770,0.3189,29522.0
01,089,0.1400,0.5109,59117.0
01,091,0.1869,0.5337,35389.0
01,093,0.2048,0.1506,34977.0
01,095,0.1644,0.3108,40599.0
01,097,0.1494,0.5423,42530.0
01,099,0.1833,0.5341,35163.0
01,101,0.1372,0.5472,42666.0
01,103,0.1628,0.3930,47234.0
01,105,0.1824,0.4544,26218.0
01,107,0.1747,0.5496,33160.0
01,109,0.1423,0.5426,34442.0
01,111,0.1966,0.3925,37333.0
01,113,0.1294,0.5795,36124.0
01,115,0.1568,0.2472,53558.0
01,117,0.1360,0.3614,70879.0
01,119,0.1631,0.4187,25931.0
01,121,0.1657,0.4956,37911.0
01,123,0.2009,0.4526,39051.0
01,125,0.1211,0.5100,47868.0
01,127,0.1822,0.1949,37305.0
01,129,0.1755,0.5133,42658.0
01,131,0.1781,0.4233,23014.0
01,133,0.2084,0.1143,36497.0
02,013,0.0848,0.7453,57015.0
02,016,0.0578,0.7644,80695.0
02,020,0.0943,0.6155,77791.0
02,050,0.0674,0.3129,44849.0
02,060,0.1239,0.6654,66373.0
02,068,0.0957,0.3188,73000.0
02,070,0.0836,0.4742,50753.0
02,090,0.0864,0.4751,70881.0
02,100,0.1912,0.3685,57876.0
02,105,0.1895,0.6378,53726.0
02,110,0.1122,0.5426,82892.0
02,122,0.1477,0.3321,62025.0
02,130,0.1334,0.5463,65314.0
02,150,0.0889,0.6791,67515.0
02,158,0.0559,0.1621,33511.0
02,164,0.0991,0.5594,42120.0
02,170,0.0999,0.3447,76601.0
02,180,0.0742,0.4134,52952.0
02,185,0.0587,0.6320,70834.0
02,188,0.0710,0.3663,53774.0
02,195,0.1648,0.4483,63098.0
02,198,0.1384,0.6144,45305.0
02,220,0.1349,0.5678,68472.0
02,230,0.1314,0.2790,65878.0
02,240,0.1252,0.4192,60203.0
02,261,0.1150,0.4795,70101.0
02,275,0.2006,0.4895,54500.0
02,282,0.1575,0.7155,53795.0
02,290,0.1299,0.4537,37755.0
04,001,0.1411,0.4259,31072.0
04,003,0.2044,0.5634,43451.0
04,005,0.1113,0.6126,51955.0
04,007,0.2733,0.5445,41346.0
04,009,0.1282,0.6170,44169.0
04,011,0.1201,0.5597,58854.0
04,012,0.3755,0.5740,34835.0
04,013,0.1409,0.5838,56017.0
04,015,0.2800,0.3643,40360.0
04,017,0.1635,0.6190,37658.0
04,019,0.1809,0.5858,47107.0
04,021,0.1862,0.5768,50888.0
04,023,0.1619,0.2792,34893.0
04,025,0.2883,0.3245,47220.0
04,027,0.1766,0.5021,40426.0
05,001,0.1787,0.4427,41179.0
05,003,0.1890,0.4715,39871.0
05,005,0.3048,0.0945,36902.0
05,007,0.1295,0.4179,60294.0
05,009,0.2006,0.1117,40909.0
05,011,0.1827,0.5882,37331.0
05,013,0.2027,0.4216,40526.0
05,015,0.2143,0.3309,37587.0
05,017,0.1962,0.5514,29968.0
05,019,0.1562,0.4605,37856.0
05,021,0.2108,0.0805,35324.0
05,023,0.2570,0.1024,43913.0
05,025,0.1985,0.2666,44123.0
05,027,0.1656,0.5217,38057.0
05,029,0.1844,0.3170,43702.0
05,031,0.1313,0.3759,42460.0
05,033,0.1566,0.2679,46545.0
05,035,0.1273,0.5383,37371.0
05,037,0.1751,0.4132,39132.0
05,039,0.2053,0.5427,33352.0
05,041,0.1792,0.5686,30987.0
05,043,0.1632,0.4735,39339.0
05,045,0.1149,0.3288,51157.0
05,047,0.1852,0.1441,41933.0
05,049,0.2561,0.0885,34717.0
05,051,0.2262,0.3067,37723.0
05,053,0.1664,0.1359,47652.0
05,055,0.1535,0.1168,43996.0
05,057,0.1701,0.5918,34560.0
05,059,0.1764,0.2979,39851.0
05,061,0.1722,0.5205,33199.0
05,063,0.1692,0.1964,38241.0
05,065,0.2531,0.1237,35355.0
05,067,0.1722,0.3706,32571.0
05,069,0.1558,0.5296,36990.0
05,071,0.1588,0.3308,35877.0
05,073,0.2233,0.5113,33864.0
05,075,0.1939,0.0817,34808.0
05,077,0.1766,0.5377,28481.0
05,079,0.1449,0.4917,40216.0
05,081,0.2011,0.4224,39265.0
05,083,0.1902,0.1726,37924.0
05,085,0.1268,0.2427,56240.0
05,087,0.1805,0.1813,41007.0
05,089,0.2748,0.1051,34946.0
05,091,0.1564,0.4550,39005.0
05,093,0.1366,0.5285,34888.0
05,095,0.2136,0.5429,30801.0
05,097,0.2620,0.1616,37813.0
05,099,0.1961,0.5040,35914.0
05,101,0.2441,0.1088,33679.0
05,103,0.1886,0.5327,37987.0
05,105,0.1905,0.1443,43020.0
05,107,0.1715,0.4957,28224.0
05,109,0.1897,0.2275,36266.0
05,111,0.1752,0.2271,32756.0
05,113,0.2186,0.2180,34723.0
05,115,0.1469,0.2752,41074.0
05,117,0.2267,0.2641,39518.0
05,119,0.1399,0.5799,46473.0
05,121,0.2016,0.0965,34730.0
05,123,0.1456,0.5560,31625.0
05,125,0.1680,0.2533,56926.0
05,127,0.1955,0.2821,36028.0
05,129,0.2425,0.1252,30427.0
05,131,0.1473,0.4755,41452.0
05,133,0.1376,0.5478,41848.0
05,135,0.2560,0.1174,32095.0
05,137,0.2617,0.0989,32023.0
05,139,0.1695,0.5172,42195.0
05,141,0.2524,0.1197,38306.0
05,143,0.1091,0.4511,46418.0
05,145,0.1532,0.2141,42508.0
05,147,0.2171,0.4493,31013.0
05,149,0.1686,0.3839,37415.0
06,001,0.1278,0.7461,81462.0
06,003,0.2080,0.5093,50882.0
06,005,0.2578,0.3498,55879.0
06,007,0.1736,0.4361,45369.0
06,009,0.2605,0.3085,52471.0
06,011,0.1377,0.5286,51118.0
06,013,0.1459,0.6956,83036.0
06,015,0.1637,0.5574,38963.0
06,017,0.1889,0.3610,75575.0
06,019,0.1139,0.6209,46608.0
06,021,0.1495,0.5554,43584.0
06,023,0.1616,0.4159,40739.0
06,025,0.1195,0.2912,39925.0
06,027,0.2174,0.5361,51697.0
06,029,0.1011,0.5964,51150.0
06,031,0.0948,0.5956,46440.0
06,033,0.2147,0.4424,37993.0
06,035,0.1305,0.5210,54670.0
06,037,0.1249,0.6673,59045.0
06,039,0.1309,0.5516,46593.0
06,041,0.2028,0.4452,99868.0
06,043,0.2572,0.3282,44595.0
06,045,0.1994,0.4990,43237.0
06,047,0.1068,0.5710,42879.0
06,049,0.2478,0.3704,38402.0
06,051,0.1355,0.4913,53992.0
06,053,0.1241,0.5653,60047.0
06,055,0.1745,0.5907,72683.0
06,057,0.2451,0.2547,57627.0
06,059,0.1352,0.6706,78002.0
06,061,0.1828,0.4264,76203.0
06,063,0.2618,0.2799,46813.0
06,065,0.1348,0.6270,57895.0
06,067,0.1303,0.7006,58735.0
06,069,0.1196,0.5260,76521.0
06,071,0.1062,0.6256,53526.0
06,073,0.1295,0.6568,67053.0
06,075,0.1484,0.6842,90527.0
06,077,0.1199,0.6951,53341.0
06,079,0.1811,0.4644,61761.0
06,081,0.1501,0.6987,101133.0
06,083,0.1424,0.5894,63049.0
06,085,0.1252,0.6988,102191.0
06,087,0.1424,0.5490,64841.0
06,089,0.1944,0.3354,45943.0
06,091,0.2804,0.2614,47535.0
06,093,0.2328,0.3861,37447.0
06,095,0.1418,0.7356,67202.0
06,097,0.1746,0.5123,66463.0
06,099,0.1232,0.6042,51949.0
06,101,0.1466,0.6559,50810.0
06,103,0.1849,0.4570,40292.0
06,105,0.2489,0.3007,37669.0
06,107,0.1068,0.5065,42637.0
06,109,0.2429,0.3277,53136.0
06,111,0.1406,0.6013,79285.0
06,113,0.1155,0.6519,58766.0
06,115,0.1176,0.5960,46500.0
08,001,0.0958,0.5803,62991.0
08,003,0.1265,0.5469,40067.0
08,005,0.1204,0.5720,67062.0
08,007,0.2404,0.3759,50361.0
08,009,0.2484,0.2532,35405.0
08,011,0.1669,0.5654,36630.0
08,013,0.1257,0.3667,72392.0
08,014,0.1248,0.3726,86548.0
08,015,0.2372,0.2601,50947.0
08,017,0.1839,0.2748,50620.0
08,019,0.1772,0.1870,67262.0
08,021,0.1756,0.5206,37102.0
08,023,0.2704,0.4912,27944.0
08,025,0.1324,0.5905,35405.0
08,027,0.3097,0.1762,43995.0
08,029,0.2418,0.3126,42586.0
08,031,0.1112,0.6084,57886.0
08,033,0.2312,0.2215,44829.0
08,035,0.1034,0.2912,109926.0
08,037,0.0934,0.4572,75191.0
08,039,0.1432,0.1940,90270.0
08,041,0.1177,0.4751,60050.0
08,043,0.2061,0.3482,41967.0
08,045,0.1132,0.4440,64487.0
08,047,0.1406,0.2152,67389.0
08,049,0.1546,0.2082,59885.0
08,051,0.1176,0.2260,47619.0
08,053,0.2631,0.1513,58613.0
08,055,0.3073,0.5054,33098.0
08,057,0.2173,0.2540,46905.0
08,059,0.1508,0.3548,71209.0
08,061,0.2262,0.1776,42108.0
08,063,0.1670,0.3996,44090.0
08,065,0.1160,0.5048,45913.0
08,067,0.1495,0.3539,60732.0
08,069,0.1410,0.2924,64935.0
08,071,0.2256,0.5424,38858.0
08,073,0.1701,0.3668,43188.0
08,075,0.1637,0.3784,46306.0
08,077,0.1734,0.3080,51449.0
08,079,0.2890,0.1566,50481.0
08,081,0.1356,0.3093,59173.0
08,083,0.2005,0.4355,42975.0
08,085,0.2165,0.3749,46860.0
08,087,0.1497,0.5238,49087.0
08,089,0.1957,0.5266,34970.0
08,091,0.2437,0.1724,60402.0
08,093,0.1803,0.1817,63319.0
08,095,0.2147,0.3575,48562.0
08,097,0.1657,0.2437,76663.0
08,099,0.1666,0.5006,41348.0
08,101,0.1737,0.5392,40540.0
08,103,0.1383,0.2681,61426.0
08,105,0.1872,0.5271,40259.0
08,107,0.1285,0.1862,70989.0
08,109,0.2085,0.5226,34209.0
08,111,0.2163,0.3086,43489.0
08,113,0.1147,0.2402,62793.0
08,115,0.2432,0.3267,40325.0
08,117,0.1143,0.2976,69633.0
08,119,0.1932,0.1971,66191.0
08,121,0.1997,0.2112,47592.0
08,123,0.1128,0.4749,69434.0
08,125,0.1736,0.3749,48934.0
09,001,0.1485,0.5474,86297.0
09,003,0.1614,0.5565,69260.0
09,005,0.1928,0.1918,70847.0
09,007,0.1842,0.2761,82878.0
09,009,0.1620,0.5372,61758.0
09,011,0.1678,0.3992,65602.0
09,013,0.1437,0.2632,81616.0
09,015,0.1533,0.2878,61303.0
10,001,0.1587,0.5382,55678.0
10,003,0.1424,0.5833,66179.0
10,005,0.2515,0.4110,54309.0
11,001,0.1184,0.6368,73115.0
12,001,0.1292,0.5600,47023.0
12,003,0.1324,0.3081,50883.0
12,005,0.1620,0.3871,47745.0
12,007,0.1756,0.4041,40879.0
12,009,0.2278,0.4085,50352.0
12,011,0.1556,0.6929,53624.0
12,013,0.1742,0.3816,36062.0
12,015,0.3835,0.2767,45495.0
12,017,0.3550,0.2089,39982.0
12,019,0.1442,0.4241,59244.0
12,021,0.3011,0.5140,62385.0
12,023,0.1758,0.4296,43303.0
12,027,0.2081,0.5839,34380.0
12,029,0.2299,0.2691,35749.0
12,031,0.1300,0.6080,49565.0
12,033,0.1587,0.5203,45735.0
12,035,0.2888,0.4109,50347.0
12,037,0.2115,0.3699,38220.0
12,039,0.1598,0.5740,36637.0
12,041,0.1951,0.2380,39342.0
12,043,0.2573,0.5703,40215.0
12,045,0.1925,0.4143,41320.0
12,047,0.1631,0.5809,33497.0
12,049,0.1512,0.5839,35850.0
12,051,0.1309,0.6031,39320.0
12,053,0.2767,0.3457,43103.0
12,055,0.3446,0.4864,34691.0
12,057,0.1333,0.6415,51710.0
12,059,0.1944,0.2287,35202.0
12,061,0.3090,0.4003,49887.0
12,063,0.1820,0.4966,36751.0
12,065,0.2112,0.5287,42210.0
12,067,0.1445,0.4576,40345.0
12,069,0.2613,0.4548,49711.0
12,071,0.2706,0.4808,50713.0
12,073,0.1191,0.5704,46405.0
12,075,0.2340,0.3410,36005.0
12,077,0.1305,0.4423,39623.0
12,079,0.1900,0.5541,34360.0
12,081,0.2602,0.4492,50728.0
12,083,0.2811,0.4541,40053.0
12,085,0.2969,0.3522,53459.0
12,086,0.1536,0.4990,43687.0
12,087,0.2075,0.4839,58332.0
12,089,0.2050,0.2250,55707.0
12,091,0.1514,0.4241,55391.0
12,093,0.1942,0.5205,35787.0
12,095,0.1107,0.6874,50593.0
12,097,0.1254,0.6038,45127.0
12,099,0.2298,0.6025,56638.0
12,101,0.2238,0.3876,46080.0
12,103,0.2339,0.4167,47591.0
12,105,0.1982,0.5607,44024.0
12,107,0.2173,0.4484,32351.0
12,109,0.1857,0.2904,71896.0
12,111,0.2287,0.5836,45918.0
12,113,0.1490,0.3026,59289.0
12,115,0.3464,0.2897,55882.0
12,117,0.1444,0.5533,57357.0
12,119,0.5432,0.2719,54592.0
12,121,0.2020,0.4007,37368.0
12,123,0.1830,0.4341,39116.0
12,125,0.1325,0.4570,41078.0
12,127,0.2348,0.4367,42334.0
12,129,0.1392,0.3475,48703.0
12,131,0.1873,0.2762,47875.0
12,133,0.1709,0.3726,36328.0
13,001,0.1631,0.4682,39588.0
13,003,0.1290,0.5895,32398.0
13,005,0.1463,0.4212,35431.0
13,007,0.1991,0.5702,34455.0
13,009,0.1457,0.5434,38015.0
13,011,0.1607,0.2159,44146.0
13,013,0.1158,0.4363,53789.0
13,015,0.1309,0.3633,50900.0
13,017,0.1568,0.5518,30776.0
13,019,0.1672,0.3078,35518.0
13,021,0.1450,0.5507,38870.0
13,023,0.1659,0.4543,42716.0
13,025,0.1507,0.1358,37709.0
13,027,0.1864,0.5497,36820.0
13,029,0.1018,0.4224,69650.0
13,031,0.1075,0.5029,36544.0
13,033,0.1414,0.5503,36977.0
13,035,0.1492,0.4696,44166.0
13,037,0.1396,0.5184,30972.0
13,039,0.1176,0.4656,52706.0
13,043,0.1710,0.5368,32806.0
13,045,0.1270,0.4453,45453.0
13,047,0.1646,0.1601,50979.0
13,049,0.1422,0.5280,37037.0
13,051,0.1398,0.5940,48885.0
13,053,0.0434,0.5912,41066.0
13,055,0.1667,0.2964,38063.0
13,057,0.1241,0.3409,74885.0
13,059,0.0996,0.5996,33302.0
13,061,0.2428,0.5010,25941.0
13,063,0.0843,0.5006,41731.0
13,065,0.1509,0.4928,31848.0
13,067,0.1102,0.6249,70097.0
13,069,0.1290,0.5639,34775.0
13,071,0.1429,0.5908,34151.0
13,073,0.1225,0.4711,75232.0
13,075,0.1540,0.4990,34505.0
13,077,0.1266,0.4452,67268.0
13,079,0.1718,0.4175,43559.0
13,081,0.1703,0.5527,31095.0
13,083,0.1769,0.1146,43632.0
13,085,0.1865,0.1361,60195.0
13,087,0.1551,0.5633,37661.0
13,089,0.1106,0.6103,53994.0
13,091,0.1631,0.4840,34611.0
13,093,0.1766,0.5740,32323.0
13,095,0.1432,0.4543,34799.0
13,097,0.1066,0.6129,58443.0
13,099,0.1850,0.5385,31935.0
13,101,0.1166,0.5161,34414.0
13,103,0.1094,0.3480,63255.0
13,105,0.1953,0.5084,35814.0
13,107,0.1559,0.5243,31772.0
13,109,0.1560,0.5767,34085.0
13,111,0.2690,0.0892,39796.0
13,113,0.1667,0.5310,80588.0
13,115,0.1587,0.4479,41130.0
13,117,0.1105,0.4112,97886.0
13,119,0.1871,0.2868,40156.0
13,121,0.1082,0.6360,59911.0
13,123,0.2302,0.2410,43907.0
13,125,0.1679,0.2257,40732.0
13,127,0.1828,0.5174,46377.0
13,129,0.1389,0.3599,44580.0
13,131,0.1652,0.5638,36486.0
13,133,0.2746,0.5507,43326.0
13,135,0.0884,0.7186,61797.0
13,137,0.1763,0.3605,44400.0
13,139,0.1380,0.5358,54578.0
13,141,0.2103,0.4205,28328.0
13,143,0.1596,0.1614,41167.0
13,145,0.1714,0.3751,65887.0
13,147,0.2098,0.3927,39567.0
13,149,0.1607,0.2680,41514.0
13,151,0.1077,0.6037,65437.0
13,153,0.1190,0.5694,55860.0
13,155,0.1785,0.4637,35284.0
13,157,0.1432,0.3067,56102.0
13,159,0.1630,0.4131,46398.0
13,161,0.1499,0.4498,36186.0
13,163,0.1677,0.5432,32023.0
13,165,0.1547,0.5635,29924.0
13,167,0.1734,0.4913,30794.0
13,169,0.1565,0.4181,52777.0
13,171,0.1619,0.4837,42177.0
13,173,0.1301,0.4761,37616.0
13,175,0.1660,0.5206,36960.0
13,177,0.1119,0.4242,68636.0
13,179,0.0824,0.6550,39612.0
13,181,0.2212,0.4725,39089.0
13,183,0.0822,0.5820,42542.0
13,185,0.1138,0.5666,37699.0
13,187,0.1622,0.1714,48101.0
13,189,0.1637,0.5384,36346.0
13,191,0.2318,0.5011,38770.0
13,193,0.1549,0.5293,30696.0
13,195,0.1596,0.2966,40735.0
13,197,0.1805,0.5461,35265.0
13,199,0.1904,0.5249,37866.0
13,201,0.2084,0.4535,35357.0
13,205,0.1535,0.5584,34139.0
13,207,0.1716,0.4242,53070.0
13,209,0.1552,0.4930,36821.0
13,211,0.1844,0.4354,51081.0
13,213,0.1375,0.2828,43142.0
13,215,0.1234,0.6141,41828.0
13,217,0.1204,0.5729,51177.0
13,219,0.1400,0.2716,76371.0
13,221,0.1770,0.3904,43428.0
13,223,0.0970,0.4253,62658.0
13,225,0.1485,0.5911,41725.0
13,227,0.2070,0.1185,56289.0
13,229,0.1621,0.2840,39648.0
13,231,0.1513,0.2376,56233.0
13,233,0.1536,0.4446,39402.0
13,235,0.1997,0.5016,39209.0
13,237,0.2254,0.4983,44323.0
13,239,0.2884,0.5294,29921.0
13,241,0.2612,0.2159,40834.0
13,243,0.2204,0.4980,30505.0
13,245,0.1284,0.5653,40821.0
13,247,0.1316,0.6054,51510.0
13,249,0.1570,0.4232,41737.0
13,251,0.1706,0.5276,35911.0
13,253,0.2182,0.5062,31615.0
13,255,0.1661,0.5312,41250.0
13,257,0.1881,0.3008,38503.0
13,259,0.1487,0.6642,28977.0
13,261,0.1550,0.5637,33802.0
13,263,0.2153,0.5300,33510.0
13,265,0.2369,0.5352,28952.0
13,267,0.1340,0.5592,37163.0
13,269,0.1828,0.5220,32041.0
13,271,0.1605,0.6177,31149.0
13,273,0.1770,0.5115,32342.0
13,275,0.1676,0.5343,40449.0
13,277,0.1406,0.5796,39988.0
13,279,0.1571,0.5523,34953.0
13,281,0.3327,0.0928,39782.0
13,283,0.1617,0.4850,32086.0
13,285,0.1379,0.5450,41289.0
13,287,0.1862,0.5484,35117.0
13,289,0.2038,0.5275,36086.0
13,291,0.3196,0.1127,42782.0
13,293,0.1790,0.4630,37864.0
13,295,0.1761,0.1620,42249.0
13,297,0.1458,0.3865,57312.0
13,299,0.1656,0.5011,35270.0
13,301,0.2026,0.5012,32350.0
13,303,0.1595,0.5335,36499.0
13,305,0.1513,0.4353,41466.0
13,307,0.2060,0.5511,35770.0
13,309,0.1373,0.5433,30926.0
13,311,0.2118,0.1415,43598.0
13,313,0.1305,0.5253,45921.0
13,315,0.1746,0.5309,32480.0
13,317,0.2198,0.5626,34031.0
13,319,0.1782,0.5285,38103.0
13,321,0.1772,0.4615,39560.0
15,001,0.1853,0.7792,54914.0
15,003,0.1642,0.7398,76544.0
15,005,0.3295,0.6612,
15,007,0.1802,0.7621,70122.0
15,009,0.1609,0.7681,68684.0
16,001,0.1294,0.2630,58431.0
16,003,0.2704,0.1278,39943.0
16,005,0.1300,0.2750,43298.0
16,007,0.1994,0.1225,48309.0
16,009,0.2135,0.2748,41368.0
16,011,0.1326,0.4170,49644.0
16,013,0.1676,0.3750,65272.0
16,015,0.2301,0.1516,52728.0
16,017,0.2214,0.1232,44072.0
16,019,0.1239,0.2824,54008.0
16,021,0.2030,0.1680,41803.0
16,023,0.2221,0.1579,43780.0
16,025,0.2140,0.2270,46203.0
16,027,0.1275,0.4328,44585.0
16,029,0.1739,0.1455,57017.0
16,031,0.1346,0.4329,47932.0
16,033,0.1535,0.5249,40098.0
16,035,0.2607,0.1704,42630.0
16,037,0.2575,0.1406,45801.0
16,039,0.1233,0.4328,44509.0
16,041,0.1357,0.1629,53901.0
16,043,0.1602,0.2592,49555.0
16,045,0.2135,0.2166,44017.0
16,047,0.1660,0.4476,48950.0
16,049,0.2486,0.1626,41157.0
16,051,0.1122,0.2324,53555.0
16,053,0.1235,0.4841,47034.0
16,055,0.1738,0.1664,48864.0
16,057,0.1202,0.1975,46360.0
16,059,0.2836,0.1340,40087.0
16,061,0.2477,0.2668,41688.0
16,063,0.1221,0.4611,46168.0
16,065,0.0634,0.2037,38065.0
16,067,0.1581,0.4833,45429.0
16,069,0.1915,0.2346,50939.0
16,071,0.1893,0.1241,47037.0
16,073,0.1651,0.4667,39738.0
16,075,0.1731,0.3481,44499.0
16,077,0.1406,0.4985,44004.0
16,079,0.2220,0.1565,37497.0
16,081,0.0970,0.3177,58013.0
16,083,0.1467,0.3319,45799.0
16,085,0.2246,0.1338,51774.0
16,087,0.2317,0.3380,38592.0
17,001,0.1905,0.1490,47264.0
17,003,0.1976,0.5022,32922.0
17,005,0.1743,0.2146,50206.0
17,007,0.1443,0.4044,62382.0
17,009,0.1330,0.4139,53516.0
17,011,0.2047,0.2086,51275.0
17,013,0.2276,0.0434,51109.0
17,015,0.2413,0.1227,50432.0
17,017,0.1652,0.3793,46647.0
17,019,0.1145,0.5032,50813.0
17,021,0.1895,0.0927,49041.0
17,023,0.1880,0.0668,50700.0
17,025,0.1953,0.0727,43577.0
17,027,0.1599,0.1577,64030.0
17,029,0.1554,0.1672,42613.0
17,031,0.1348,0.6937,56841.0
17,033,0.1819,0.1643,49856.0
17,035,0.1832,0.0639,51505.0
17,037,0.1154,0.3762,56874.0
17,039,0.1819,0.0972,54796.0
17,041,0.1714,0.1752,53213.0
17,043,0.1393,0.5029,81616.0
17,045,0.2044,0.0553,50306.0
17,047,0.2014,0.0638,48329.0
17,049,0.1645,0.0746,53077.0
17,051,0.1758,0.1548,41838.0
17,053,0.1854,0.1076,53151.0
17,055,0.1956,0.0772,43428.0
17,057,0.1926,0.1501,44649.0
17,059,0.2231,0.0798,40817.0
17,061,0.1868,0.0681,43943.0
17,063,0.1297,0.2258,71928.0
17,065,0.2090,0.0717,45926.0
17,067,0.2221,0.0728,48213.0
17,069,0.2491,0.0865,39128.0
17,071,0.2417,0.0725,47354.0
17,073,0.1917,0.1666,58983.0
17,075,0.2052,0.1759,49836.0
17,077,0.1372,0.4183,36613.0
17,079,0.1859,0.0552,52608.0
17,081,0.1779,0.2537,46460.0
17,083,0.1773,0.0769,53864.0
17,085,0.2537,0.0950,51201.0
17,087,0.1980,0.2437,46838.0
17,089,0.1211,0.5619,70502.0
17,091,0.1528,0.4432,53227.0
17,093,0.0925,0.4550,88773.0
17,095,0.1978,0.2933,43796.0
17,097,0.1273,0.5484,82160.0
17,099,0.1765,0.2473,52316.0
17,101,0.1690,0.2706,43268.0
17,103,0.1826,0.2387,52581.0
17,105,0.1765,0.1989,55474.0
17,107,0.1721,0.2396,58191.0
17,109,0.1612,0.2175,42453.0
17,111,0.1288,0.3087,80513.0
17,113,0.1182,0.3484,65766.0
17,115,0.1842,0.3794,48302.0
17,117,0.1893,0.0704,50460.0
17,119,0.1599,0.2581,52969.0
17,121,0.1870,0.1600,43018.0
17,123,0.2184,0.1014,53610.0
17,125,0.2156,0.0673,43743.0
17,127,0.2008,0.2090,41548.0
17,129,0.1836,0.0795,64706.0
17,131,0.2063,0.0810,57934.0
17,133,0.1607,0.0647,79686.0
17,135,0.1886,0.1230,46006.0
17,137,0.1862,0.2040,45259.0
17,139,0.1795,0.0583,58975.0
17,141,0.1743,0.2267,57268.0
17,143,0.1552,0.4639,53781.0
17,145,0.1746,0.2516,46598.0
17,147,0.1845,0.0657,65122.0
17,149,0.2018,0.0792,45106.0
17,151,0.2570,0.1764,41150.0
17,153,0.2077,0.4973,35135.0
17,155,0.2137,0.1383,60590.0
17,157,0.1766,0.2648,50129.0
17,159,0.1967,0.0863,43332.0
17,161,0.1787,0.4447,50419.0
17,163,0.1430,0.5194,50416.0
17,165,0.1910,0.1588,40873.0
17,167,0.1608,0.3263,57591.0
17,169,0.2054,0.1246,50720.0
17,171,0.1890,0.0583,50474.0
17,173,0.2106,0.0512,49633.0
17,175,0.2124,0.0758,50083.0
17,177,0.2093,0.2921,46430.0
17,179,0.1735,0.1104,57747.0
17,181,0.1996,0.1547,44221.0
17,183,0.1784,0.3575,44705.0
17,185,0.1935,0.1013,51224.0
17,187,0.1816,0.2835,46189.0
17,189,0.1868,0.0750,57019.0
17,191,0.2037,0.0704,47995.0
17,193,0.2124,0.0651,46588.0
17,195,0.1927,0.2648,45463.0
17,197,0.1170,0.5332,76293.0
17,199,0.1790,0.1828,47678.0
17,201,0.1608,0.4738,50024.0
17,203,0.1640,0.0835,68233.0
18,001,0.1465,0.1165,49251.0
18,003,0.1348,0.4196,50017.0
18,005,0.1520,0.2944,55580.0
18,007,0.1662,0.1340,50754.0
18,009,0.2012,0.0794,39611.0
18,011,0.1247,0.1540,75163.0
18,013,0.2230,0.0787,53801.0
18,015,0.1829,0.1047,52550.0
18,017,0.1680,0.3179,45575.0
18,019,0.1465,0.2857,51614.0
18,021,0.1665,0.0672,48947.0
18,023,0.1573,0.2862,50342.0
18,025,0.1845,0.0662,41331.0
18,027,0.1475,0.1463,47019.0
18,029,0.1595,0.0685,64093.0
18,031,0.1561,0.0880,51625.0
18,033,0.1505,0.0949,52382.0
18,035,0.1625,0.2333,40633.0
18,037,0.1614,0.1642,57336.0
18,039,0.1364,0.3983,50117.0
18,041,0.1868,0.0789,42538.0
18,043,0.1476,0.2149,57367.0
18,045,0.1920,0.0838,51108.0
18,047,0.1631,0.0570,53263.0
18,049,0.1801,0.1458,51660.0
18,051,0.1645,0.1104,53483.0
18,053,0.1813,0.2633,39984.0
18,055,0.1842,0.0638,47952.0
18,057,0.1081,0.2736,91844.0
18,059,0.1546,0.1298,70277.0
18,061,0.1628,0.0802,53719.0
18,063,0.1259,0.2523,73478.0
18,065,0.1800,0.1157,47954.0
18,067,0.1830,0.2533,47390.0
18,069,0.1609,0.0940,49103.0
18,071,0.1548,0.1923,45504.0
18,073,0.1611,0.1555,60195.0
18,075,0.1665,0.0929,42646.0
18,077,0.1637,0.1322,47841.0
18,079,0.1516,0.0896,46047.0
18,081,0.1391,0.1774,68256.0
18,083,0.1676,0.1342,42818.0
18,085,0.1545,0.2082,54147.0
18,087,0.1294,0.1059,56662.0
18,089,0.1522,0.6094,50613.0
18,091,0.1632,0.3443,47401.0
18,093,0.1877,0.0785,46890.0
18,095,0.1728,0.2625,45065.0
18,097,0.1170,0.5882,41407.0
18,099,0.1646,0.2153,49714.0
18,101,0.1795,0.0537,47717.0
18,103,0.1626,0.1984,46968.0
18,105,0.1184,0.2827,45341.0
18,107,0.1697,0.1473,49425.0
18,109,0.1552,0.0718,58376.0
18,111,0.1799,0.1589,48316.0
18,113,0.1456,0.2210,51876.0
18,115,0.2027,0.0601,53177.0
18,117,0.1840,0.0862,40918.0
18,119,0.1797,0.0705,43731.0
18,121,0.1813,0.1001,43637.0
18,123,0.1715,0.1106,47192.0
18,125,0.1910,0.0644,47324.0
18,127,0.1490,0.2822,66070.0
18,129,0.1683,0.0742,58298.0
18,131,0.1806,0.1066,47455.0
18,133,0.1550,0.1525,53910.0
18,135,0.1896,0.1089,41315.0
18,137,0.1681,0.0817,51553.0
18,139,0.1762,0.0741,48970.0
18,141,0.1469,0.4318,46881.0
18,143,0.1589,0.0788,43104.0
18,145,0.1586,0.1361,54639.0
18,147,0.1822,0.0943,56451.0
18,149,0.1703,0.1018,48106.0
18,151,0.1827,0.1117,53191.0
18,153,0.1662,0.1462,44939.0
18,155,0.1663,0.0809,46344.0
18,157,0.1061,0.3867,50170.0
18,159,0.1948,0.0888,56292.0
18,161,0.1794,0.0781,45050.0
18,163,0.1563,0.2801,43823.0
18,165,0.1886,0.0576,44376.0
18,167,0.1488,0.2562,39635.0
18,169,0.1953,0.1042,48223.0
18,171,0.1925,0.0651,57768.0
18,173,0.1619,0.1325,66461.0
18,175,0.1607,0.0597,43498.0
18,177,0.1815,0.2116,41849.0
18,179,0.1723,0.0957,55987.0
18,181,0.1932,0.1827,50370.0
18,183,0.1654,0.0803,56142.0
19,001,0.2179,0.0649,51531.0
19,003,0.2227,0.0616,48162.0
19,005,0.2166,0.1629,47756.0
19,007,0.2177,0.0851,41018.0
19,009,0.2413,0.0557,50948.0
19,011,0.1708,0.0669,65127.0
19,013,0.1504,0.3173,50335.0
19,015,0.1695,0.1050,58010.0
19,017,0.1873,0.0896,65295.0
19,019,0.1677,0.0700,55848.0
19,021,0.1491,0.5490,51991.0
19,023,0.2124,0.0628,54947.0
19,025,0.2199,0.1031,49206.0
19,027,0.1901,0.0914,58575.0
19,029,0.2167,0.0791,45915.0
19,031,0.1832,0.0785,60120.0
19,033,0.2006,0.1639,50208.0
19,035,0.2283,0.1164,52879.0
19,037,0.1955,0.0715,57559.0
19,039,0.1783,0.2663,49424.0
19,041,0.1960,0.1172,52584.0
19,043,0.2160,0.0763,48598.0
19,045,0.1860,0.1595,52945.0
19,047,0.1707,0.4696,51834.0
19,049,0.1147,0.2488,81381.0
19,051,0.1786,0.0579,49851.0
19,053,0.1825,0.1295,39424.0
19,055,0.1798,0.0566,59260.0
19,057,0.1928,0.2220,50125.0
19,059,0.2419,0.0766,56869.0
19,061,0.1647,0.1626,57862.0
19,063,0.1966,0.2136,46092.0
19,065,0.2032,0.1104,47615.0
19,067,0.2110,0.1403,49111.0
19,069,0.2029,0.2471,52975.0
19,071,0.2163,0.0892,55421.0
19,073,0.2150,0.0930,51002.0
19,075,0.1996,0.0582,62423.0
19,077,0.2146,0.0884,54719.0
19,079,0.1965,0.1905,54042.0
19,081,0.2059,0.1212,56746.0
19,083,0.2082,0.1456,50947.0
19,085,0.1917,0.0665,57244.0
19,087,0.1806,0.2094,50241.0
19,089,0.1969,0.0639,50602.0
19,091,0.2036,0.1123,52702.0
19,093,0.2148,0.0825,53804.0
19,095,0.1789,0.0859,63185.0
19,097,0.1978,0.0812,49956.0
19,099,0.1831,0.1137,53765.0
19,101,0.1941,0.3276,43495.0
19,103,0.1038,0.3559,57706.0
19,105,0.1905,0.1105,55789.0
19,107,0.2073,0.0620,50054.0
19,109,0.2259,0.0820,52433.0
19,111,0.1873,0.1672,45428.0
19,113,0.1472,0.2357,58142.0
19,115,0.1684,0.3606,53197.0
19,117,0.2069,0.0601,46933.0
19,119,0.1744,0.0764,64057.0
19,121,0.1628,0.0793,65294.0
19,123,0.1710,0.1195,50335.0
19,125,0.1677,0.0992,57411.0
19,127,0.1735,0.4264,53980.0
19,129,0.1685,0.1048,62507.0
19,131,0.2113,0.0593,61352.0
19,133,0.2401,0.0923,43991.0
19,135,0.1884,0.0914,48181.0
19,137,0.2054,0.1112,43210.0
19,139,0.1532,0.3654,53401.0
19,141,0.2072,0.1304,53907.0
19,143,0.2055,0.1833,54415.0
19,145,0.2057,0.1613,46870.0
19,147,0.2150,0.1115,48992.0
19,149,0.1771,0.1345,61929.0
19,151,0.2220,0.1254,47872.0
19,153,0.1207,0.3673,60436.0
19,155,0.1599,0.2155,52927.0
19,157,0.1954,0.1510,52861.0
19,159,0.2369,0.0789,45870.0
19,161,0.2228,0.0848,52506.0
19,163,0.1488,0.3357,58160.0
19,165,0.2208,0.0949,54614.0
19,167,0.1468,0.2240,62875.0
19,169,0.1086,0.2787,51706.0
19,171,0.1898,0.3073,59226.0
19,173,0.2102,0.1761,46466.0
19,175,0.1934,0.1099,45010.0
19,177,0.2078,0.0615,43653.0
19,179,0.1696,0.2832,44738.0
19,181,0.1503,0.1004,67728.0
19,183,0.1833,0.1562,55283.0
19,185,0.2186,0.0668,44381.0
19,187,0.1741,0.2217,44922.0
19,189,0.1992,0.1500,48408.0
19,191,0.1865,0.0916,59096.0
19,193,0.1403,0.4145,50774.0
19,195,0.1961,0.1045,50761.0
19,197,0.2181,0.2344,49882.0
20,001,0.1925,0.1753,41604.0
20,003,0.2158,0.0892,47267.0
20,005,0.1656,0.2123,46110.0
20,007,0.2032,0.1441,54176.0
20,009,0.1788,0.3059,50558.0
20,011,0.1859,0.1840,39609.0
20,013,0.1902,0.2934,46884.0
20,015,0.1406,0.1968,61473.0
20,017,0.2312,0.1578,48911.0
20,019,0.2572,0.2443,42324.0
20,021,0.1797,0.2105,39842.0
20,023,0.2666,0.1652,44111.0
20,025,0.2105,0.2820,50392.0
20,027,0.2143,0.1110,51351.0
20,029,0.2091,0.1265,42730.0
20,031,0.1959,0.1181,57160.0
20,033,0.2452,0.1581,43809.0
20,035,0.1716,0.3429,47851.0
20,037,0.1465,0.2382,38139.0
20,039,0.2727,0.1017,43919.0
20,041,0.1844,0.1604,47570.0
20,043,0.1814,0.1787,47000.0
20,045,0.1075,0.3651,52447.0
20,047,0.1963,0.3630,46380.0
20,049,0.2789,0.1774,39147.0
20,051,0.1402,0.1850,49192.0
20,053,0.1958,0.2461,49986.0
20,055,0.0975,0.5770,53245.0
20,057,0.1052,0.5423,47915.0
20,059,0.1579,0.1602,51484.0
20,061,0.0763,0.6084,45590.0
20,063,0.2394,0.0842,46580.0
20,065,0.2486,0.2087,45018.0
20,067,0.1205,0.5230,59218.0
20,069,0.1444,0.2939,64284.0
20,071,0.2020,0.3340,44667.0
20,073,0.2384,0.1418,41168.0
20,075,0.1382,0.4852,50056.0
20,077,0.2200,0.1774,46869.0
20,079,0.1813,0.2919,55470.0
20,081,0.1318,0.4493,59356.0
20,083,0.2231,0.2170,54513.0
20,085,0.1792,0.2849,51662.0
20,087,0.1753,0.1123,59080.0
20,089,0.2845,0.0852,43201.0
20,091,0.1310,0.3396,83007.0
20,093,0.1441,0.4771,59134.0
20,095,0.2145,0.1213,52907.0
20,097,0.1911,0.2106,46381.0
20,099,0.1828,0.2642,42323.0
20,101,0.2233,0.2093,57388.0
20,103,0.1320,0.3588,61465.0
20,105,0.2206,0.1013,42277.0
20,107,0.2130,0.1170,46065.0
20,109,0.1930,0.1674,48399.0
20,111,0.1413,0.4406,39562.0
20,113,0.1879,0.1542,61356.0
20,115,0.2199,0.1310,51196.0
20,117,0.2104,0.0959,49270.0
20,119,0.1788,0.3414,56325.0
20,121,0.1588,0.1295,62375.0
20,123,0.2240,0.0882,48310.0
20,125,0.1861,0.3490,43289.0
20,127,0.2385,0.1421,49720.0
20,129,0.1795,0.4274,53443.0
20,131,0.1927,0.0904,54486.0
20,133,0.1840,0.1747,40744.0
20,135,0.2334,0.2151,53456.0
20,137,0.1967,0.1935,45096.0
20,139,0.1870,0.1193,48364.0
20,141,0.2433,0.0911,43518.0
20,143,0.1840,0.1056,50302.0
20,145,0.1929,0.2798,47359.0
20,147,0.2203,0.1168,46984.0
20,149,0.1351,0.1903,60601.0
20,151,0.1809,0.2118,52634.0
20,153,0.2622,0.1615,47448.0
20,155,0.1831,0.2731,47178.0
20,157,0.2660,0.0753,44593.0
20,159,0.1773,0.2820,52400.0
20,161,0.0816,0.3993,46690.0
20,163,0.2112,0.1039,45309.0
20,165,0.2418,0.1020,43895.0
20,167,0.2294,0.1320,42625.0
20,169,0.1617,0.3364,47052.0
20,171,0.1861,0.3364,56267.0
20,173,0.1318,0.4970,50995.0
20,175,0.0905,0.5481,45807.0
20,177,0.1652,0.4229,51316.0
20,179,0.2246,0.1200,51221.0
20,181,0.1922,0.2689,42491.0
20,183,0.2659,0.0945,43872.0
20,185,0.2040,0.2773,47129.0
20,187,0.1643,0.5001,55341.0
20,189,0.1353,0.4950,59735.0
20,191,0.1725,0.1867,51451.0
20,193,0.1544,0.1632,50574.0
20,195,0.2360,0.0914,48576.0
20,197,0.1795,0.1321,57339.0
20,199,0.2113,0.1755,48426.0
20,201,0.2389,0.1116,46153.0
20,203,0.1827,0.4459,52917.0
20,205,0.2059,0.1421,41461.0
20,207,0.2281,0.1300,37394.0
20,209,0.1146,0.6919,41746.0
21,001,0.1736,0.1235,32007.0
21,003,0.1681,0.0909,42287.0
21,005,0.1457,0.1128,55523.0
21,007,0.1941,0.1286,44352.0
21,009,0.1680,0.1737,40017.0
21,011,0.1607,0.0897,35143.0
21,013,0.1801,0.1053,23968.0
21,015,0.1203,0.2143,68804.0
21,017,0.1775,0.2693,46370.0
21,019,0.1834,0.1271,43406.0
21,021,0.1788,0.2545,40459.0
21,023,0.1534,0.0713,44846.0
21,025,0.1552,0.0602,28196.0
21,027,0.1802,0.1030,42347.0
21,029,0.1427,0.0957,54755.0
21,031,0.1746,0.0956,39545.0
21,033,0.1971,0.1671,39355.0
21,035,0.1613,0.1914,40585.0
21,037,0.1434,0.1443,51694.0
21,039,0.1995,0.1089,43144.0
21,041,0.1496,0.2067,46499.0
21,043,0.1765,0.0612,37204.0
21,045,0.1902,0.0960,33576.0
21,047,0.1138,0.5082,39840.0
21,049,0.1667,0.1777,54812.0
21,051,0.1379,0.1419,24001.0
21,053,0.1870,0.0925,29178.0
21,055,0.1921,0.0718,40202.0
21,057,0.2085,0.1083,30989.0
21,059,0.1611,0.2071,48724.0
21,061,0.1986,0.0859,38673.0
21,063,0.1749,0.1093,30299.0
21,065,0.1774,0.0477,32541.0
21,067,0.1216,0.4531,51963.0
21,069,0.1654,0.0772,47030.0
21,071,0.1633,0.0535,30888.0
21,073,0.1639,0.3135,50471.0
21,075,0.1958,0.4361,30798.0
21,077,0.1302,0.1651,47679.0
21,079,0.1707,0.1102,45018.0
21,081,0.1290,0.1011,45307.0
21,083,0.1752,0.2333,39515.0
21,085,0.1633,0.0785,37057.0
21,087,0.1994,0.1037,36226.0
21,089,0.1952,0.0714,45690.0
21,091,0.1653,0.0794,52929.0
21,093,0.1296,0.3932,49637.0
21,095,0.1678,0.0928,27425.0
21,097,0.1651,0.1193,47040.0
21,099,0.1632,0.1570,34764.0
21,101,0.1605,0.2306,45718.0
21,103,0.1654,0.1523,47802.0
21,105,0.2348,0.2293,40890.0
21,107,0.1700,0.2056,44750.0
21,109,0.1569,0.0400,30565.0
21,111,0.1494,0.4794,51230.0
21,113,0.1350,0.1944,49839.0
21,115,0.1666,0.0482,36051.0
21,117,0.1306,0.2052,52631.0
21,119,0.1635,0.0530,30138.0
21,121,0.1668,0.0779,28578.0
21,123,0.1700,0.1561,40202.0
21,125,0.1514,0.0779,37737.0
21,127,0.1620,0.0548,36276.0
21,129,0.1748,0.0656,26201.0
21,131,0.1650,0.0428,28722.0
21,133,0.1730,0.0447,31079.0
21,135,0.1705,0.0434,33867.0
21,137,0.1721,0.1084,37220.0
21,139,0.2043,0.0791,44551.0
21,141,0.1754,0.2066,43795.0
21,143,0.2381,0.1803,48189.0
21,145,0.1878,0.2886,47184.0
21,147,0.1425,0.1965,25655.0
21,149,0.1827,0.0675,44007.0
21,151,0.1293,0.1854,46342.0
21,153,0.1536,0.0441,29921.0
21,155,0.1544,0.2211,41189.0
21,157,0.2106,0.0635,49771.0
21,159,0.1404,0.2150,29198.0
21,161,0.1715,0.1961,37071.0
21,163,0.1332,0.1908,51111.0
21,165,0.1902,0.0959,34299.0
21,167,0.1787,0.1691,46346.0
21,169,0.1805,0.0946,32654.0
21,171,0.1858,0.1241,31603.0
21,173,0.1510,0.1310,42468.0
21,175,0.1476,0.1293,31489.0
21,177,0.1832,0.1471,40272.0
21,179,0.1410,0.1752,51843.0
21,181,0.1686,0.0751,37267.0
21,183,0.1702,0.1056,40661.0
21,185,0.1194,0.2107,84415.0
21,187,0.1677,0.1010,43686.0
21,189,0.1780,0.0591,23341.0
21,191,0.1497,0.0678,49345.0
21,193,0.1544,0.0875,31740.0
21,195,0.1658,0.0566,34315.0
21,197,0.1453,0.0734,34510.0
21,199,0.1809,0.1052,40702.0
21,201,0.2156,0.0561,40027.0
21,203,0.1703,0.0497,33293.0
21,205,0.1309,0.1044,36597.0
21,207,0.1925,0.1133,31968.0
21,209,0.1110,0.2348,63775.0
21,211,0.1436,0.3372,60189.0
21,213,0.1567,0.2602,45496.0
21,215,0.1283,0.1063,68147.0
21,217,0.1723,0.1841,35700.0
21,219,0.1568,0.2491,40963.0
21,221,0.2154,0.2126,45106.0
21,223,0.1624,0.1005,48392.0
21,225,0.1526,0.2962,45239.0
21,227,0.1221,0.3520,45964.0
21,229,0.1690,0.2280,45143.0
21,231,0.1907,0.1256,29826.0
21,233,0.1643,0.2105,44245.0
21,235,0.1548,0.0743,31903.0
21,237,0.1833,0.0484,27196.0
21,239,0.1643,0.2457,57862.0
22,001,0.1395,0.3630,42033.0
22,003,0.1398,0.4447,42120.0
22,005,0.1065,0.4638,74852.0
22,007,0.1598,0.4791,48516.0
22,009,0.1579,0.4838,34803.0
22,011,0.1483,0.3426,48206.0
22,013,0.1926,0.5276,34565.0
22,015,0.1322,0.4892,55403.0
22,017,0.1537,0.5542,41081.0
22,019,0.1402,0.4676,46523.0
22,021,0.1663,0.3475,38564.0
22,023,0.1558,0.1804,56259.0
22,025,0.1582,0.4690,33958.0
22,027,0.1801,0.5310,33740.0
22,029,0.1627,0.5142,33068.0
22,031,0.1671,0.5248,41691.0
22,033,0.1285,0.5794,50389.0
22,035,0.1363,0.4604,26325.0
22,037,0.1599,0.5312,43105.0
22,039,0.1440,0.4719,33407.0
22,041,0.1703,0.4732,33845.0
22,043,0.1409,0.3806,43437.0
22,045,0.1350,0.5450,45039.0
22,047,0.1420,0.5383,42000.0
22,049,0.1894,0.4589,41029.0
22,051,0.1565,0.6190,49503.0
22,053,0.1553,0.3560,43677.0
22,055,0.1170,0.4898,52411.0
22,057,0.1419,0.3876,53482.0
22,059,0.1586,0.2984,46258.0
22,061,0.1272,0.5501,38118.0
22,063,0.1202,0.2102,58774.0
22,065,0.1342,0.4926,27225.0
22,067,0.1708,0.5291,31777.0
22,069,0.1537,0.5452,33786.0
22,071,0.1283,0.5484,38640.0
22,073,0.1356,0.5206,38453.0
22,075,0.1219,0.5276,49122.0
22,077,0.1869,0.5050,42919.0
22,079,0.1515,0.5197,42758.0
22,081,0.1770,0.5194,41742.0
22,083,0.1601,0.5040,34588.0
22,085,0.1922,0.5010,42196.0
22,087,0.0998,0.5360,41540.0
22,089,0.1190,0.4989,61601.0
22,091,0.1753,0.5284,36602.0
22,093,0.1546,0.5262,52258.0
22,095,0.1279,0.5564,50596.0
22,097,0.1494,0.5289,33503.0
22,099,0.1354,0.4919,45435.0
22,101,0.1483,0.5797,40945.0
22,103,0.1536,0.3511,63499.0
22,105,0.1321,0.5027,41768.0
22,107,0.2163,0.5262,27077.0
22,109,0.1279,0.5083,44450.0
22,111,0.1894,0.4616,38741.0
22,113,0.1430,0.3590,46807.0
22,115,0.1097,0.4773,44733.0
22,117,0.1690,0.4741,33453.0
22,119,0.1849,0.4962,34566.0
22,121,0.1248,0.5279,55074.0
22,123,0.1836,0.3375,35484.0
22,125,0.1355,0.5243,56680.0
22,127,0.1735,0.4797,36173.0
23,001,0.1632,0.1662,48930.0
23,003,0.2199,0.1064,37104.0
23,005,0.1677,0.1724,63191.0
23,007,0.2002,0.0776,42859.0
23,009,0.2240,0.0927,48601.0
23,011,0.1816,0.0981,50408.0
23,013,0.2279,0.0888,47489.0
23,015,0.2603,0.0732,50152.0
23,017,0.2002,0.0854,42674.0
23,019,0.1693,0.1130,44647.0
23,021,0.2448,0.0881,36463.0
23,023,0.2028,0.0965,55645.0
23,025,0.1938,0.0772,40165.0
23,027,0.2032,0.0826,43198.0
23,029,0.2270,0.1872,35576.0
23,031,0.1864,0.1046,61340.0
24,001,0.1947,0.2275,39859.0
24,003,0.1380,0.4767,90825.0
24,005,0.1610,0.5691,68317.0
24,009,0.1358,0.3567,98937.0
24,011,0.1564,0.3930,51294.0
24,013,0.1563,0.1860,84506.0
24,015,0.1440,0.2574,68972.0
24,017,0.1144,0.6134,87941.0
24,019,0.2020,0.5111,44664.0
24,021,0.1336,0.4150,83746.0
24,023,0.2073,0.0646,46469.0
24,025,0.1499,0.3820,77992.0
24,027,0.1255,0.6345,110224.0
24,029,0.2539,0.3675,52274.0
24,031,0.1405,0.7024,98314.0
24,033,0.1182,0.5568,76366.0
24,035,0.1784,0.2421,83914.0
24,037,0.1198,0.4108,83148.0
24,039,0.1551,0.5578,38692.0
24,041,0.2721,0.3653,62018.0
24,043,0.1610,0.3371,55270.0
24,045,0.1476,0.5206,52153.0
24,047,0.2619,0.3387,53366.0
24,510,0.1275,0.5264,43192.0
25,001,0.2837,0.1722,65735.0
25,003,0.2157,0.2024,50646.0
25,005,0.1594,0.2780,59839.0
25,007,0.2132,0.2176,64456.0
25,009,0.1592,0.4366,68237.0
25,011,0.1942,0.1640,57325.0
25,013,0.1567,0.5227,51415.0
25,015,0.1534,0.2800,60853.0
25,017,0.1438,0.4327,90025.0
25,019,0.1410,0.4153,86014.0
25,021,0.1594,0.3888,93187.0
25,023,0.1667,0.2955,74736.0
25,025,0.1126,0.6882,56530.0
25,027,0.1450,0.3714,65621.0
26,001,0.3556,0.0726,37618.0
26,003,0.2408,0.2860,43341.0
26,005,0.1504,0.2055,55611.0
26,007,0.2181,0.0781,40665.0
26,009,0.2558,0.0958,49118.0
26,011,0.2304,0.0977,37120.0
26,013,0.2001,0.4402,42389.0
26,015,0.1747,0.0994,57665.0
26,017,0.1863,0.1794,46256.0
26,019,0.2454,0.1119,48127.0
26,021,0.1834,0.4092,46588.0
26,023,0.1685,0.1680,47146.0
26,025,0.1655,0.3714,43864.0
26,027,0.1938,0.2486,49889.0
26,029,0.2224,0.1142,48267.0
26,031,0.2554,0.1467,41036.0
26,033,0.1665,0.4774,42473.0
26,035,0.2210,0.0956,33250.0
26,037,0.1536,0.1817,65051.0
26,039,0.2418,0.0988,40907.0
26,041,0.2206,0.1268,43020.0
26,043,0.2067,0.0865,47616.0
26,045,0.1686,0.2957,56760.0
26,047,0.2011,0.1593,49774.0
26,049,0.1607,0.4301,44181.0
26,051,0.2575,0.0735,40746.0
26,053,0.2405,0.1949,38416.0
26,055,0.1758,0.1396,54874.0
26,057,0.1625,0.2439,42800.0
26,059,0.1793,0.0933,46786.0
26,061,0.1640,0.1463,41775.0
26,063,0.2360,0.0888,45917.0
26,065,0.1233,0.4772,47470.0
26,067,0.1337,0.2121,51013.0
26,069,0.2832,0.1091,39874.0
26,071,0.2881,0.0986,36570.0
26,073,0.1127,0.2580,41957.0
26,075,0.1624,0.2701,50683.0
26,077,0.1377,0.3727,52252.0
26,079,0.1925,0.1025,42829.0
26,081,0.1251,0.4241,54550.0
26,083,0.3198,0.0527,40862.0
26,085,0.2648,0.2728,32971.0
26,087,0.1632,0.1496,57774.0
26,089,0.2797,0.1848,61397.0
26,091,0.1738,0.2336,49013.0
26,093,0.1518,0.1032,76934.0
26,095,0.2023,0.3662,41870.0
26,097,0.2562,0.4266,40091.0
26,099,0.1583,0.3381,54939.0
26,101,0.2373,0.2008,41811.0
26,103,0.1710,0.1455,48108.0
26,105,0.2164,0.1556,43620.0
26,107,0.1727,0.1608,41755.0
26,109,0.2200,0.1257,42591.0
26,111,0.1692,0.1553,59248.0
26,113,0.1936,0.1080,42836.0
26,115,0.1625,0.1550,56161.0
26,117,0.1635,0.1493,41728.0
26,119,0.3013,0.0729,37153.0
26,121,0.1545,0.3899,46709.0
26,123,0.1811,0.1735,45086.0
26,125,0.1546,0.4420,70150.0
26,127,0.1974,0.3008,43211.0
26,129,0.2442,0.0925,37057.0
26,131,0.3363,0.0882,37508.0
26,133,0.1977,0.0977,41782.0
26,135,0.2654,0.0777,36724.0
26,137,0.1987,0.1019,50420.0
26,139,0.1364,0.2779,61429.0
26,141,0.2921,0.0773,41658.0
26,143,0.3088,0.0902,38516.0
26,145,0.1779,0.4720,43344.0
26,147,0.1712,0.1609,51183.0
26,149,0.1664,0.2392,46667.0
26,151,0.2000,0.1103,41861.0
26,153,0.2469,0.2499,36741.0
26,155,0.1687,0.1091,50807.0
26,157,0.1882,0.1206,45800.0
26,159,0.1641,0.3178,47806.0
26,161,0.1244,0.4738,62401.0
26,163,0.1434,0.5962,41585.0
26,165,0.1774,0.1009,42922.0
27,001,0.3147,0.1157,43817.0
27,003,0.1256,0.3044,73276.0
27,005,0.1936,0.2440,54304.0
27,007,0.1476,0.4309,46031.0
27,009,0.1318,0.1623,52513.0
27,011,0.2542,0.0647,47583.0
27,013,0.1293,0.2051,49664.0
27,015,0.2005,0.1159,56330.0
27,017,0.1643,0.2166,54945.0
27,019,0.1055,0.1917,93857.0
27,021,0.2410,0.2944,47645.0
27,023,0.1993,0.2119,50896.0
27,025,0.1407,0.1171,70036.0
27,027,0.1269,0.2111,60417.0
27,029,0.2000,0.2670,42689.0
27,031,0.2526,0.2440,50350.0
27,033,0.2228,0.2385,49448.0
27,035,0.2108,0.0934,50755.0
27,037,0.1260,0.3495,77576.0
27,039,0.1354,0.1391,65494.0
27,041,0.2173,0.0720,56819.0
27,043,0.2226,0.1570,52169.0
27,045,0.2003,0.0627,52170.0
27,047,0.2155,0.2451,47418.0
27,049,0.1822,0.1437,60285.0
27,051,0.2315,0.0819,50570.0
27,053,0.1290,0.4862,68902.0
27,055,0.1949,0.0742,56276.0
27,057,0.2407,0.1303,52841.0
27,059,0.1467,0.1058,63134.0
27,061,0.2123,0.1500,52064.0
27,063,0.2040,0.1318,54001.0
27,065,0.1902,0.0923,48907.0
27,067,0.1745,0.3152,52597.0
27,069,0.2266,0.0803,55545.0
27,071,0.2236,0.1254,46807.0
27,073,0.2527,0.0850,50764.0
27,075,0.2412,0.0802,53093.0
27,077,0.2244,0.1226,46128.0
27,079,0.1666,0.1547,62672.0
27,081,0.2405,0.0654,52164.0
27,083,0.1471,0.2656,55051.0
27,085,0.1747,0.1554,60549.0
27,087,0.1743,0.6110,40849.0
27,089,0.2020,0.1224,55889.0
27,091,0.2215,0.1243,48478.0
27,093,0.1840,0.1055,58607.0
27,095,0.1755,0.1985,50633.0
27,097,0.1795,0.0748,54245.0
27,099,0.1807,0.3364,50878.0
27,101,0.2434,0.1193,50378.0
27,103,0.1468,0.1922,58839.0
27,105,0.1587,0.5492,50100.0
27,107,0.2078,0.1950,50775.0
27,109,0.1429,0.3304,70063.0
27,111,0.2271,0.1313,55357.0
27,113,0.1685,0.1651,51341.0
27,115,0.1883,0.1948,46332.0
27,117,0.2062,0.1934,51939.0
27,119,0.1726,0.2199,54270.0
27,121,0.2297,0.0710,53267.0
27,123,0.1334,0.5597,57299.0
27,125,0.1898,0.1369,52244.0
27,127,0.2080,0.2279,48520.0
27,129,0.2001,0.2069,56835.0
27,131,0.1426,0.2962,59863.0
27,133,0.1955,0.1107,55462.0
27,135,0.1580,0.1445,54416.0
27,137,0.1768,0.1624,50141.0
27,139,0.0956,0.3101,92898.0
27,141,0.1036,0.1491,79495.0
27,143,0.1771,0.1978,57052.0
27,145,0.1380,0.2263,55244.0
27,147,0.1637,0.2285,60970.0
27,149,0.1620,0.2110,54323.0
27,151,0.2172,0.1361,47130.0
27,153,0.2004,0.1540,48840.0
27,155,0.2481,0.1784,46764.0
27,157,0.1994,0.1011,57873.0
27,159,0.2088,0.1030,45597.0
27,161,0.1652,0.1961,54495.0
27,163,0.1327,0.2897,88329.0
27,165,0.1935,0.4032,48044.0
27,167,0.1811,0.1121,56583.0
27,169,0.1543,0.1598,54367.0
27,171,0.1146,0.1312,76407.0
27,173,0.1988,0.1781,51569.0
28,001,0.1726,0.5787,32673.0
28,003,0.1722,0.2948,41383.0
28,005,0.2149,0.5058,37085.0
28,007,0.1856,0.5250,32988.0
28,009,0.1869,0.5093,32467.0
28,011,0.1395,0.4869,30311.0
28,013,0.1768,0.4956,33906.0
28,015,0.2150,0.4760,39439.0
28,017,0.1602,0.5541,31937.0
28,019,0.2047,0.4571,35370.0
28,021,0.1446,0.2622,26959.0
28,023,0.1918,0.4786,38362.0
28,025,0.1694,0.5054,32360.0
28,027,0.1361,0.3763,25948.0
28,029,0.1594,0.5410,34723.0
28,031,0.1587,0.5048,36206.0
28,033,0.1214,0.4856,60610.0
28,035,0.1284,0.5341,35198.0
28,037,0.1807,0.4823,36391.0
28,039,0.1430,0.2268,48212.0
28,041,0.1433,0.4075,42699.0
28,043,0.1673,0.5180,35163.0
28,045,0.1765,0.2697,45911.0
28,047,0.1359,0.5180,42370.0
28,049,0.1255,0.4258,39158.0
28,051,0.1354,0.3012,24065.0
28,053,0.1497,0.3949,25625.0
28,055,0.1503,0.4799,28859.0
28,057,0.1706,0.1771,39296.0
28,059,0.1450,0.4834,46339.0
28,061,0.1859,0.5198,35092.0
28,063,0.1473,0.2542,26405.0
28,065,0.2027,0.5019,28845.0
28,067,0.1589,0.4927,36413.0
28,069,0.1859,0.5154,30381.0
28,071,0.1125,0.4477,43435.0
28,073,0.1236,0.4009,53205.0
28,075,0.1578,0.5346,38334.0
28,077,0.1688,0.4730,39460.0
28,079,0.1527,0.5999,35804.0
28,081,0.1407,0.4743,43098.0
28,083,0.1310,0.4090,26520.0
28,085,0.1592,0.4562,40627.0
28,087,0.1468,0.5352,41880.0
28,089,0.1191,0.5421,67482.0
28,091,0.1684,0.4751,34742.0
28,093,0.1564,0.5460,38006.0
28,095,0.1841,0.4563,38893.0
28,097,0.1973,0.5243,34264.0
28,099,0.1511,0.5814,38068.0
28,101,0.1602,0.5279,36991.0
28,103,0.1524,0.4204,28041.0
28,105,0.1029,0.5384,38011.0
28,107,0.1458,0.5310,35517.0
28,109,0.1755,0.3093,43420.0
28,111,0.1664,0.3613,37777.0
28,113,0.1591,0.5278,31976.0
28,115,0.1442,0.3765,39977.0
28,117,0.1743,0.2891,38550.0
28,119,0.1546,0.4364,26467.0
28,121,0.1397,0.3974,58426.0
28,123,0.1438,0.5998,34469.0
28,125,0.1639,0.4346,27589.0
28,127,0.1623,0.4970,37742.0
28,129,0.1780,0.3904,40637.0
28,131,0.1453,0.3728,42295.0
28,133,0.1192,0.4064,28184.0
28,135,0.1380,0.5555,29474.0
28,137,0.1523,0.4845,43376.0
28,139,0.1590,0.3716,38297.0
28,141,0.1967,0.1253,37740.0
28,143,0.1079,0.3767,30970.0
28,145,0.1580,0.3577,42120.0
28,147,0.1838,0.5336,31202.0
28,149,0.1501,0.5377,40465.0
28,151,0.1392,0.4226,27539.0
28,153,0.1601,0.5116,35989.0
28,155,0.1699,0.3517,40214.0
28,157,0.1611,0.4296,28535.0
28,159,0.1878,0.5321,35216.0
28,161,0.1878,0.5120,36062.0
28,163,0.1302,0.5448,34218.0
29,001,0.1405,0.1703,40222.0
29,003,0.1753,0.0963,58675.0
29,005,0.2434,0.0607,46339.0
29,007,0.1645,0.2256,42480.0
29,009,0.1983,0.2388,37467.0
29,011,0.1893,0.1397,39633.0
29,013,0.1892,0.1035,45887.0
29,015,0.2956,0.0916,34156.0
29,017,0.1906,0.0663,41623.0
29,019,0.1088,0.3539,50865.0
29,021,0.1499,0.2870,48294.0
29,023,0.1808,0.2065,35509.0
29,025,0.1912,0.0999,44470.0
29,027,0.1475,0.1793,50514.0
29,029,0.2645,0.1035,49393.0
29,031,0.1559,0.2462,49615.0
29,033,0.2062,0.0975,43638.0
29,035,0.1885,0.1018,32269.0
29,037,0.1582,0.2092,62996.0
29,039,0.2325,0.0956,37654.0
29,041,0.2291,0.0921,46230.0
29,043,0.1449,0.1207,54044.0
29,045,0.1958,0.0560,43225.0
29,047,0.1324,0.3144,65106.0
29,049,0.1737,0.1133,59655.0
29,051,0.1470,0.3100,56393.0
29,053,0.1681,0.2134,46632.0
29,055,0.1824,0.0869,38491.0
29,057,0.2229,0.1155,38516.0
29,059,0.1976,0.1004,37780.0
29,061,0.1974,0.0724,43135.0
29,063,0.1539,0.2774,44429.0
29,065,0.2076,0.1003,36808.0
29,067,0.2315,0.0892,32979.0
29,069,0.1738,0.3267,31920.0
29,071,0.1599,0.0907,50438.0
29,073,0.2146,0.0703,47717.0
29,075,0.1949,0.0682,43811.0
29,077,0.1549,0.2173,43885.0
29,079,0.2115,0.1046,38763.0
29,081,0.2154,0.0821,38005.0
29,083,0.2083,0.1174,42455.0
29,085,0.3340,0.0901,31320.0
29,087,0.2324,0.0694,42845.0
29,089,0.1752,0.1744,44634.0
29,091,0.1883,0.1060,36604.0
29,093,0.2075,0.1030,33415.0
29,095,0.1396,0.5416,48364.0
29,097,0.1448,0.2720,43724.0
29,099,0.1356,0.1013,58747.0
29,101,0.1195,0.2510,44109.0
29,103,0.2145,0.0671,40356.0
29,105,0.1719,0.1175,40741.0
29,107,0.1816,0.1488,50325.0
29,109,0.1781,0.1886,41619.0
29,111,0.1798,0.1368,45592.0
29,113,0.1259,0.1274,54584.0
29,115,0.2015,0.0901,39618.0
29,117,0.1924,0.1305,40808.0
29,119,0.1462,0.3710,37939.0
29,121,0.2134,0.1138,41080.0
29,123,0.1862,0.1029,35745.0
29,125,0.2037,0.0798,43970.0
29,127,0.1697,0.1820,41297.0
29,129,0.2041,0.0772,43244.0
29,131,0.1787,0.0917,40077.0
29,133,0.1677,0.4230,33283.0
29,135,0.1498,0.1931,50525.0
29,137,0.2211,0.1254,44048.0
29,139,0.1960,0.1076,41470.0
29,141,0.2362,0.1075,39219.0
29,143,0.1796,0.3338,36386.0
29,145,0.1717,0.2435,46125.0
29,147,0.1420,0.1374,44119.0
29,149,0.2197,0.1067,33573.0
29,151,0.1664,0.0428,55962.0
29,153,0.2662,0.0844,31838.0
29,155,0.1570,0.4558,29621.0
29,157,0.1687,0.0828,47226.0
29,159,0.1573,0.2604,42137.0
29,161,0.1538,0.2030,40676.0
29,163,0.1686,0.2118,43007.0
29,165,0.1356,0.3157,72548.0
29,167,0.1767,0.1160,41326.0
29,169,0.0807,0.4893,46756.0
29,171,0.2370,0.0644,37286.0
29,173,0.2002,0.0805,51015.0
29,175,0.1562,0.2016,39976.0
29,177,0.1737,0.1158,54361.0
29,179,0.2190,0.1082,34076.0
29,181,0.1964,0.0863,34069.0
29,183,0.1370,0.2239,74009.0
29,185,0.2626,0.1061,35128.0
29,186,0.1798,0.0825,52806.0
29,187,0.1537,0.1502,41222.0
29,189,0.1681,0.4894,61569.0
29,195,0.1726,0.3318,41958.0
29,197,0.1900,0.0520,37851.0
29,199,0.1861,0.0466,41324.0
29,201,0.1696,0.2802,40285.0
29,203,0.2075,0.1074,28171.0
29,205,0.2021,0.0785,41696.0
29,207,0.1911,0.0844,38773.0
29,209,0.2888,0.0923,42186.0
29,211,0.1877,0.3573,41405.0
29,213,0.2034,0.1954,39320.0
29,215,0.1995,0.1670,34935.0
29,217,0.1829,0.1141,40186.0
29,219,0.1654,0.1544,51933.0
29,221,0.1576,0.1071,37986.0
29,223,0.2235,0.0890,32566.0
29,225,0.1490,0.1028,43418.0
29,227,0.2405,0.0642,43443.0
29,229,0.1895,0.0855,32634.0
29,510,0.1208,0.5866,37948.0
30,001,0.2074,0.1646,41083.0
30,003,0.1149,0.5193,41008.0
30,005,0.1448,0.5577,34667.0
30,007,0.2256,0.1164,51360.0
30,009,0.2326,0.1045,49389.0
30,011,0.2415,0.0548,46398.0
30,013,0.1731,0.2563,45597.0
30,015,0.1872,0.3742,40280.0
30,017,0.1835,0.1452,47510.0
30,019,0.2406,0.1279,43918.0
30,021,0.1665,0.1478,56648.0
30,023,0.2143,0.1779,37979.0
30,025,0.1580,0.0977,59928.0
30,027,0.2291,0.1064,43823.0
30,029,0.1768,0.1314,48063.0
30,031,0.1142,0.1494,57358.0
30,033,0.2118,0.0580,45987.0
30,035,0.1142,0.5100,31666.0
30,037,0.2531,0.1681,37883.0
30,039,0.2798,0.1103,43470.0
30,041,0.1397,0.4520,44178.0
30,043,0.1868,0.1322,62508.0
30,045,0.2336,0.0727,45472.0
30,047,0.2027,0.5138,39383.0
30,049,0.1676,0.1564,56755.0
30,051,0.1936,0.0639,40052.0
30,053,0.2587,0.1306,37281.0
30,055,0.2353,0.0936,44387.0
30,057,0.2697,0.1375,49872.0
30,059,0.2702,0.0905,41391.0
30,061,0.2679,0.1612,39584.0
30,063,0.1414,0.1929,44998.0
30,065,0.2308,0.1527,41791.0
30,067,0.2037,0.1195,45642.0
30,069,0.2426,0.0619,42919.0
30,071,0.2072,0.2749,38105.0
30,073,0.1949,0.3153,41168.0
30,075,0.2398,0.1194,50491.0
30,077,0.1903,0.1808,42755.0
30,079,0.2877,0.1590,42187.0
30,081,0.2380,0.1275,48468.0
30,083,0.1271,0.2009,68196.0
30,085,0.1004,0.5468,39147.0
30,087,0.1367,0.5568,51732.0
30,089,0.2757,0.1816,36564.0
30,091,0.2007,0.1479,50857.0
30,093,0.1737,0.1726,42658.0
30,095,0.2031,0.1295,60052.0
30,097,0.2398,0.1096,48361.0
30,099,0.2173,0.1143,47598.0
30,101,0.1570,0.2190,43879.0
30,103,0.2705,0.1631,49679.0
30,105,0.2156,0.2736,46698.0
30,107,0.2335,0.1524,35665.0
30,109,0.2127,0.1094,49533.0
30,111,0.1561,0.2367,57326.0
31,001,0.1676,0.2356,48579.0
31,003,0.2287,0.0856,48546.0
31,005,0.2173,0.1141,50753.0
31,007,0.2208,0.1181,54115.0
31,009,0.2201,0.0331,44824.0
31,011,0.2205,0.0619,54070.0
31,013,0.1644,0.3077,54652.0
31,015,0.2862,0.0929,42539.0
31,017,0.2475,0.0701,46856.0
31,019,0.1331,0.2238,55813.0
31,021,0.2343,0.1234,49792.0
31,023,0.2012,0.0949,55542.0
31,025,0.1612,0.1090,66519.0
31,027,0.2096,0.0624,56092.0
31,029,0.1986,0.2460,55319.0
31,031,0.2162,0.2089,54564.0
31,033,0.1660,0.1832,57255.0
31,035,0.1933,0.1916,51431.0
31,037,0.1299,0.5410,50744.0
31,039,0.2140,0.2054,56995.0
31,041,0.2151,0.0940,51014.0
31,043,0.1303,0.5983,49093.0
31,045,0.1778,0.2646,44135.0
31,047,0.1532,0.5255,47991.0
31,049,0.2393,0.1579,47641.0
31,051,0.1943,0.2518,52152.0
31,053,0.1878,0.2612,48969.0
31,055,0.1190,0.4741,58405.0
31,057,0.2379,0.1861,45745.0
31,059,0.2249,0.1151,54086.0
31,061,0.2613,0.0809,44911.0
31,063,0.2182,0.0740,50700.0
31,065,0.2323,0.1080,40032.0
31,067,0.2002,0.0943,50746.0
31,069,0.2766,0.1467,42186.0
31,071,0.2756,0.0410,44643.0
31,073,0.2400,0.1531,56882.0
31,075,0.2105,0.0547,56646.0
31,077,0.2456,0.0728,44920.0
31,079,0.1431,0.4608,50093.0
31,081,0.1825,0.0920,65103.0
31,083,0.2473,0.0736,47844.0
31,085,0.2339,0.1163,50516.0
31,087,0.2407,0.1073,43054.0
31,089,0.2122,0.1103,50434.0
31,091,0.2899,0.0895,42989.0
31,093,0.2087,0.0857,52464.0
31,095,0.2296,0.1135,46812.0
31,097,0.1811,0.3314,47382.0
31,099,0.1912,0.1410,50645.0
31,101,0.2458,0.1753,46888.0
31,103,0.2785,0.0396,45886.0
31,105,0.2252,0.2364,45769.0
31,107,0.2372,0.2454,45566.0
31,109,0.1260,0.3152,54422.0
31,111,0.1784,0.2101,53856.0
31,113,0.1896,0.0979,51098.0
31,115,0.2838,0.0704,52862.0
31,117,0.2188,0.0561,57175.0
31,119,0.1547,0.3254,51330.0
31,121,0.1926,0.1325,51219.0
31,123,0.1953,0.3011,49082.0
31,125,0.1982,0.0825,46958.0
31,127,0.1876,0.1098,52034.0
31,129,0.2633,0.0909,41956.0
31,131,0.1928,0.1900,53015.0
31,133,0.2735,0.0880,43646.0
31,135,0.2132,0.1001,58066.0
31,137,0.1968,0.1365,55566.0
31,139,0.1786,0.0613,56744.0
31,141,0.1623,0.3255,58554.0
31,143,0.2096,0.1166,61965.0
31,145,0.1955,0.1465,49308.0
31,147,0.2344,0.1453,44648.0
31,149,0.2449,0.0527,51447.0
31,151,0.1484,0.4349,55850.0
31,153,0.1057,0.3166,73856.0
31,155,0.1766,0.0835,61025.0
31,157,0.1795,0.4141,43428.0
31,159,0.1626,0.0955,62455.0
31,161,0.2373,0.3206,47005.0
31,163,0.2523,0.0637,42643.0
31,165,0.2281,0.1378,55606.0
31,167,0.1592,0.1404,56423.0
31,169,0.2468,0.0881,48947.0
31,171,0.2294,0.0676,48754.0
31,173,0.1195,0.5565,42290.0
31,175,0.2409,0.0792,49929.0
31,177,0.1694,0.0973,68435.0
31,179,0.1496,0.1740,54503.0
31,181,0.2252,0.1403,40444.0
31,183,0.2490,0.0554,55106.0
31,185,0.1921,0.1618,59500.0
32,001,0.1797,0.4253,54134.0
32,003,0.1377,0.6855,51624.0
32,005,0.2541,0.3212,63620.0
32,007,0.1022,0.4865,76518.0
32,009,0.2976,0.4664,49057.0
32,011,0.1557,0.3335,65459.0
32,013,0.1164,0.4894,68060.0
32,015,0.1398,0.4578,76713.0
32,017,0.2274,0.2562,51788.0
32,019,0.2044,0.3876,51934.0
32,021,0.2570,0.5529,42164.0
32,023,0.2850,0.3777,43819.0
32,027,0.1503,0.5033,54416.0
32,029,0.2743,0.2779,61594.0
32,031,0.1509,0.5281,56457.0
32,033,0.1608,0.4429,54975.0
32,510,0.1936,0.4785,47015.0
33,001,0.2032,0.0918,63377.0
33,003,0.2539,0.0731,54351.0
33,005,0.1791,0.1076,60339.0
33,007,0.2186,0.0919,40286.0
33,009,0.1880,0.1676,57827.0
33,011,0.1434,0.2605,73474.0
33,013,0.1635,0.1360,68148.0
33,015,0.1593,0.1319,87103.0
33,017,0.1396,0.1676,60931.0
33,019,0.1973,0.0873,53804.0
34,001,0.1647,0.6137,53296.0
34,003,0.1647,0.5945,88512.0
34,005,0.1596,0.4925,74844.0
34,007,0.1464,0.6004,63589.0
34,009,0.2451,0.2564,55632.0
34,011,0.1416,0.6499,50259.0
34,013,0.1295,0.6933,52206.0
34,015,0.1450,0.3547,76780.0
34,017,0.1131,0.6925,60053.0
34,019,0.1660,0.2466,102797.0
34,021,0.1424,0.6593,72172.0
34,023,0.1388,0.6915,78249.0
34,025,0.1616,0.4068,86722.0
34,027,0.1588,0.4453,101754.0
34,029,0.2214,0.2654,63478.0
34,031,0.1368,0.6423,55723.0
34,033,0.1756,0.4086,63988.0
34,035,0.1438,0.6037,99059.0
34,037,0.1542,0.2285,84431.0
34,039,0.1368,0.6842,70581.0
34,041,0.1666,0.2965,71672.0
35,001,0.1467,0.5946,47870.0
35,003,0.3823,0.4035,36570.0
35,005,0.1490,0.5273,39265.0
35,006,0.1479,0.6615,35580.0
35,007,0.2471,0.5346,37269.0
35,009,0.1185,0.5855,41879.0
35,011,0.2563,0.5196,33427.0
35,013,0.1446,0.4632,39421.0
35,015,0.1390,0.5391,60407.0
35,017,0.2489,0.5338,39792.0
35,019,0.1855,0.3424,31710.0
35,021,0.3282,0.5045,39561.0
35,023,0.2042,0.5086,34336.0
35,025,0.1038,0.5343,54686.0
35,027,0.2704,0.4931,40297.0
35,028,0.1725,0.4373,107126.0
35,029,0.2040,0.4694,27151.0
35,031,0.1096,0.4278,29040.0
35,033,0.2421,0.3254,31816.0
35,035,0.1650,0.6054,38381.0
35,037,0.2384,0.5459,29047.0
35,039,0.1743,0.4534,37319.0
35,041,0.1308,0.5472,38053.0
35,043,0.1576,0.6398,62833.0
35,045,0.1305,0.6634,49173.0
35,047,0.1947,0.3629,32303.0
35,049,0.2080,0.5510,55247.0
35,051,0.3455,0.4735,29432.0
35,053,0.1701,0.6168,33673.0
35,055,0.2314,0.5470,37092.0
35,057,0.1884,0.5497,35950.0
35,059,0.1919,0.5406,36715.0
35,061,0.1600,0.5247,42395.0
36,001,0.1569,0.4377,57312.0
36,003,0.1749,0.1043,44331.0
36,005,0.1181,0.5915,35102.0
36,007,0.1792,0.2831,46067.0
36,009,0.1770,0.1715,40933.0
36,011,0.1738,0.1770,51925.0
36,013,0.1849,0.2210,43973.0
36,015,0.1742,0.2450,51285.0
36,017,0.1922,0.0958,49082.0
36,019,0.1571,0.1800,46747.0
36,021,0.2155,0.2365,58335.0
36,023,0.1518,0.1327,49894.0
36,025,0.2270,0.1422,42907.0
36,027,0.1610,0.4461,71348.0
36,029,0.1686,0.3978,52176.0
36,031,0.2131,0.1433,52282.0
36,033,0.1560,0.3148,45682.0
36,035,0.1827,0.1297,46543.0
36,037,0.1754,0.1710,53771.0
36,039,0.2052,0.2580,48144.0
36,041,0.2813,0.0845,47997.0
36,043,0.1904,0.0958,49504.0
36,045,0.1234,0.3160,50179.0
36,047,0.1287,0.7228,51026.0
36,049,0.1670,0.0782,50846.0
36,051,0.1633,0.1697,53945.0
36,053,0.1635,0.1233,58094.0
36,055,0.1588,0.4615,54204.0
36,057,0.1770,0.2982,44414.0
36,059,0.1678,0.5683,101568.0
36,061,0.1539,0.6788,75136.0
36,063,0.1769,0.2515,48517.0
36,065,0.1770,0.3042,47390.0
36,067,0.1569,0.3826,57114.0
36,069,0.1822,0.1781,58085.0
36,071,0.1303,0.5156,71162.0
36,073,0.1656,0.2446,48126.0
36,075,0.1487,0.1087,49391.0
36,077,0.1941,0.1571,47942.0
36,079,0.1560,0.3311,90497.0
36,081,0.1441,0.7558,60241.0
36,083,0.1569,0.2844,60117.0
36,085,0.1516,0.5592,71058.0
36,087,0.1516,0.5458,84249.0
36,089,0.1590,0.1492,42811.0
36,091,0.1645,0.1682,75029.0
36,093,0.1617,0.4167,59432.0
36,095,0.1966,0.1204,50588.0
36,097,0.1939,0.0877,49664.0
36,099,0.1771,0.1965,49813.0
36,101,0.1805,0.1168,47352.0
36,103,0.1567,0.4825,87634.0
36,105,0.1770,0.4385,49161.0
36,107,0.1857,0.0888,57541.0
36,109,0.1291,0.3765,55839.0
36,111,0.1801,0.3430,58328.0
36,113,0.2027,0.1096,54492.0
36,115,0.1776,0.1387,51188.0
36,117,0.1720,0.1809,51273.0
36,119,0.1607,0.6194,85688.0
36,121,0.1591,0.1904,52796.0
36,123,0.1897,0.0936,46392.0
37,001,0.1629,0.5222,41566.0
37,003,0.1873,0.2361,41092.0
37,005,0.2584,0.2311,36113.0
37,007,0.1676,0.5612,35307.0
37,009,0.2366,0.1363,35238.0
37,011,0.2043,0.2012,37120.0
37,013,0.2218,0.4981,41725.0
37,015,0.1969,0.5023,31967.0
37,017,0.1951,0.5786,33882.0
37,019,0.2792,0.3177,48831.0
37,021,0.1848,0.2876,45094.0
37,023,0.1889,0.3162,42711.0
37,025,0.1267,0.4937,57881.0
37,027,0.1843,0.2179,39636.0
37,029,0.1507,0.3367,62000.0
37,031,0.2266,0.2469,50837.0
37,033,0.1989,0.5151,40504.0
37,035,0.1666,0.3989,41745.0
37,037,0.2268,0.4536,58860.0
37,039,0.2774,0.1568,38284.0
37,041,0.2288,0.5196,40794.0
37,043,0.2913,0.1099,38980.0
37,045,0.1754,0.4157,40237.0
37,047,0.1834,0.5483,34478.0
37,049,0.1747,0.5108,47805.0
37,051,0.1091,0.6534,42380.0
37,053,0.1524,0.2275,66426.0
37,055,0.1905,0.2236,53585.0
37,057,0.1707,0.3292,46400.0
37,059,0.1959,0.2682,52525.0
37,061,0.1707,0.6216,38397.0
37,063,0.1156,0.6616,53875.0
37,065,0.1766,0.5329,32529.0
37,067,0.1486,0.5856,47346.0
37,069,0.1549,0.5193,48009.0
37,071,0.1534,0.4207,45031.0
37,073,0.1852,0.5014,46387.0
37,075,0.2292,0.2333,33827.0
37,077,0.1574,0.5519,50314.0
37,079,0.1515,0.6222,35060.0
37,081,0.1418,0.6116,48283.0
37,083,0.1886,0.5672,31952.0
37,085,0.1152,0.5526,48301.0
37,087,0.2386,0.1311,43573.0
37,089,0.2464,0.2824,47280.0
37,091,0.1800,0.5252,34453.0
37,093,0.0872,0.6986,42819.0
37,095,0.1808,0.5397,37074.0
37,097,0.1484,0.3919,55848.0
37,099,0.1849,0.3310,41537.0
37,101,0.1246,0.4832,52681.0
37,103,0.2032,0.5121,39688.0
37,105,0.1540,0.5846,44294.0
37,107,0.1837,0.5845,37085.0
37,109,0.1640,0.2628,49343.0
37,111,0.1901,0.2183,37430.0
37,113,0.2693,0.1909,41395.0
37,115,0.2070,0.1118,37899.0
37,117,0.2110,0.5486,36543.0
37,119,0.1036,0.6515,57029.0
37,121,0.2353,0.1370,39955.0
37,123,0.1876,0.5410,39096.0
37,125,0.2378,0.3819,52139.0
37,127,0.1690,0.5793,43450.0
37,129,0.1625,0.3828,52456.0
37,131,0.2345,0.5186,33301.0
37,133,0.0831,0.5135,46144.0
37,135,0.1226,0.4866,61570.0
37,137,0.2710,0.4102,41004.0
37,139,0.1582,0.5617,42171.0
37,141,0.1728,0.4088,49390.0
37,143,0.2583,0.4223,42337.0
37,145,0.1804,0.4817,43917.0
37,147,0.1187,0.5682,41909.0
37,149,0.2881,0.2213,45672.0
37,151,0.1651,0.3430,43216.0
37,153,0.1676,0.5660,33017.0
37,155,0.1371,0.7166,32128.0
37,157,0.1882,0.4301,40148.0
37,159,0.1654,0.4342,44862.0
37,161,0.2013,0.2877,36998.0
37,163,0.1642,0.6303,40660.0
37,165,0.1647,0.6416,35447.0
37,167,0.1794,0.3254,44878.0
37,169,0.1946,0.1608,42889.0
37,171,0.1927,0.2737,38408.0
37,173,0.1847,0.5331,36103.0
37,175,0.2901,0.1800,45792.0
37,177,0.1971,0.5896,33759.0
37,179,0.1170,0.4351,71690.0
37,181,0.1705,0.5775,32698.0
37,183,0.1050,0.5731,70629.0
37,185,0.2296,0.5894,34149.0
37,187,0.2237,0.5611,35146.0
37,189,0.1475,0.1481,41762.0
37,191,0.1505,0.5946,41161.0
37,193,0.2008,0.2223,40647.0
37,195,0.1656,0.6033,41276.0
37,197,0.1904,0.2669,41208.0
37,199,0.2395,0.1346,36418.0
38,001,0.2591,0.1211,48106.0
38,003,0.2057,0.1391,51053.0
38,005,0.1245,0.5421,39969.0
38,007,0.1973,0.1305,76913.0
38,009,0.2198,0.1507,56645.0
38,011,0.1932,0.1449,62892.0
38,013,0.1813,0.1266,68477.0
38,015,0.1458,0.1887,66057.0
38,017,0.1100,0.2345,55946.0
38,019,0.2631,0.0869,57200.0
38,021,0.2101,0.1242,56325.0
38,023,0.2261,0.1411,62922.0
38,025,0.1367,0.3200,73135.0
38,027,0.2234,0.1760,47804.0
38,029,0.2749,0.0736,46952.0
38,031,0.2168,0.0780,53408.0
38,033,0.1969,0.1222,56948.0
38,035,0.1158,0.2694,52022.0
38,037,0.2750,0.0954,40879.0
38,039,0.2850,0.0549,47222.0
38,041,0.2187,0.1467,53403.0
38,043,0.2221,0.1079,46800.0
38,045,0.2507,0.0546,58638.0
38,047,0.2698,0.0700,50047.0
38,049,0.1951,0.0946,56351.0
38,051,0.3025,0.0886,48494.0
38,053,0.0804,0.3738,82906.0
38,055,0.2159,0.1924,62480.0
38,057,0.1702,0.1351,75698.0
38,059,0.1515,0.1738,64260.0
38,061,0.1089,0.5278,65606.0
38,063,0.2735,0.1261,48196.0
38,065,0.2038,0.1253,65798.0
38,067,0.2158,0.1604,58683.0
38,069,0.2221,0.1433,43419.0
38,071,0.1849,0.2813,51607.0
38,073,0.2051,0.0998,60122.0
38,075,0.1870,0.0904,65651.0
38,077,0.1629,0.1562,56942.0
38,079,0.1067,0.3829,37634.0
38,081,0.2108,0.1250,58626.0
38,083,0.3036,0.1045,38234.0
38,085,0.0701,0.3463,32895.0
38,087,0.2228,0.1157,56833.0
38,089,0.1217,0.2252,76844.0
38,091,0.2266,0.0803,61352.0
38,093,0.1774,0.1359,54925.0
38,095,0.2297,0.1214,51561.0
38,097,0.1906,0.1381,54814.0
38,099,0.2056,0.2605,51749.0
38,101,0.1149,0.2880,61170.0
38,103,0.2691,0.0641,51857.0
38,105,0.0874,0.3162,89860.0
39,001,0.1669,0.0675,36609.0
39,003,0.1637,0.3192,49297.0
39,005,0.1757,0.0760,48338.0
39,007,0.1764,0.1877,44258.0
39,009,0.1167,0.1899,38400.0
39,011,0.1706,0.0774,58840.0
39,013,0.1922,0.1328,45675.0
39,015,0.1712,0.0639,47202.0
39,017,0.1361,0.3133,58954.0
39,019,0.1958,0.0694,52166.0
39,021,0.1710,0.1239,58837.0
39,023,0.1828,0.2784,47651.0
39,025,0.1467,0.1139,62214.0
39,027,0.1565,0.1235,47055.0
39,029,0.1873,0.1108,42301.0
39,031,0.1813,0.0762,41643.0
39,033,0.1961,0.0852,41471.0
39,035,0.1692,0.5512,45506.0
39,037,0.1863,0.0710,51131.0
39,039,0.1707,0.2369,53936.0
39,041,0.1215,0.2460,97679.0
39,043,0.2026,0.2885,48129.0
39,045,0.1477,0.2297,61450.0
39,047,0.1675,0.1343,45068.0
39,049,0.1114,0.5282,53939.0
39,051,0.1629,0.1915,58782.0
39,053,0.1776,0.1227,38738.0
39,055,0.1847,0.0825,76315.0
39,057,0.1598,0.2814,61250.0
39,059,0.1824,0.0996,41630.0
39,061,0.1440,0.4937,51070.0
39,063,0.1607,0.1929,55265.0
39,065,0.1506,0.0875,44101.0
39,067,0.1994,0.0911,44221.0
39,069,0.1720,0.1782,56986.0
39,071,0.1728,0.0870,41494.0
39,073,0.1774,0.0659,43598.0
39,075,0.1266,0.0395,53540.0
39,077,0.1582,0.1737,48838.0
39,079,0.1606,0.0734,42828.0
39,081,0.2002,0.1745,43306.0
39,083,0.1673,0.0858,50914.0
39,085,0.1841,0.2009,60782.0
39,087,0.1774,0.0976,39698.0
39,089,0.1551,0.1631,59119.0
39,091,0.1656,0.1190,49690.0
39,093,0.1676,0.3618,52779.0
39,095,0.1497,0.4748,43136.0
39,097,0.1431,0.2075,63736.0
39,099,0.1947,0.3889,42443.0
39,101,0.1652,0.2083,43529.0
39,103,0.1611,0.1106,70576.0
39,105,0.1826,0.0612,38479.0
39,107,0.1666,0.0802,56124.0
39,109,0.1759,0.1376,51685.0
39,111,0.2175,0.0504,41754.0
39,113,0.1694,0.4425,46696.0
39,115,0.2016,0.1428,39969.0
39,117,0.1581,0.0761,52312.0
39,119,0.1678,0.1543,43324.0
39,121,0.2515,0.0897,47714.0
39,123,0.2292,0.1402,58793.0
39,125,0.1722,0.1371,49796.0
39,127,0.1529,0.0605,44738.0
39,129,0.1487,0.1318,58472.0
39,131,0.1683,0.0893,39851.0
39,133,0.1497,0.1868,53609.0
39,135,0.1769,0.0663,51042.0
39,137,0.1595,0.1377,60036.0
39,139,0.1848,0.2512,45273.0
39,141,0.1546,0.1864,45615.0
39,143,0.1728,0.2668,49994.0
39,145,0.1708,0.1219,37277.0
39,147,0.1683,0.1807,48617.0
39,149,0.1513,0.1307,59149.0
39,151,0.1814,0.2373,48976.0
39,153,0.1655,0.3705,51434.0
39,155,0.1984,0.2272,42831.0
39,157,0.1829,0.0973,47588.0
39,159,0.1136,0.1733,76116.0
39,161,0.1791,0.1103,51264.0
39,163,0.1630,0.0654,41675.0
39,165,0.1323,0.2323,81383.0
39,167,0.1957,0.0915,44697.0
39,169,0.1655,0.1171,52717.0
39,171,0.1773,0.1321,49031.0
39,173,0.1417,0.2086,57390.0
39,175,0.1811,0.0912,51109.0
40,001,0.1493,0.6448,31572.0
40,003,0.1818,0.2717,52551.0
40,005,0.1887,0.4576,34850.0
40,007,0.1791,0.4000,59544.0
40,009,0.1238,0.4057,51394.0
40,011,0.1832,0.4357,43540.0
40,013,0.1750,0.4578,40875.0
40,015,0.1608,0.6038,43548.0
40,017,0.1225,0.3882,63291.0
40,019,0.1563,0.4773,45287.0
40,021,0.1538,0.6390,40600.0
40,023,0.1955,0.5759,30572.0
40,025,0.2297,0.4028,44023.0
40,027,0.1218,0.4519,59417.0
40,029,0.2013,0.4810,38954.0
40,031,0.1157,0.6270,46821.0
40,033,0.1920,0.4004,42901.0
40,035,0.1893,0.5363,41119.0
40,037,0.1690,0.3926,47395.0
40,039,0.1280,0.4862,47745.0
40,041,0.2383,0.5293,38840.0
40,043,0.1908,0.3027,53004.0
40,045,0.2013,0.2264,57524.0
40,047,0.1517,0.4144,49070.0
40,049,0.1700,0.4027,46139.0
40,051,0.1509,0.3193,53208.0
40,053,0.2011,0.2109,50729.0
40,055,0.1771,0.4113,36495.0
40,057,0.1912,0.5668,33144.0
40,059,0.1762,0.3866,52635.0
40,061,0.1957,0.4586,36888.0
40,063,0.1837,0.5476,37676.0
40,065,0.1403,0.5346,44723.0
40,067,0.2017,0.3719,36227.0
40,069,0.1861,0.4752,38980.0
40,071,0.1832,0.4096,43373.0
40,073,0.1520,0.3803,59462.0
40,075,0.1926,0.4218,37721.0
40,077,0.2077,0.5119,38313.0
40,079,0.1697,0.4587,38261.0
40,081,0.1732,0.3031,46976.0
40,083,0.1445,0.3772,57892.0
40,085,0.1836,0.4507,45223.0
40,087,0.1485,0.3538,56700.0
40,089,0.1714,0.5668,31723.0
40,091,0.2448,0.4941,35775.0
40,093,0.1933,0.2598,55020.0
40,095,0.2163,0.5202,41312.0
40,097,0.1741,0.5170,46373.0
40,099,0.1873,0.4404,45560.0
40,101,0.1617,0.6239,40340.0
40,103,0.1826,0.3211,51977.0
40,105,0.1883,0.5068,43341.0
40,107,0.1699,0.5702,37289.0
40,109,0.1271,0.6197,49750.0
40,111,0.1749,0.5634,39825.0
40,113,0.1825,0.5551,46093.0
40,115,0.1763,0.5260,36166.0
40,117,0.1844,0.3854,45184.0
40,119,0.1147,0.3941,41747.0
40,121,0.1896,0.4818,43257.0
40,123,0.1590,0.5185,44798.0
40,125,0.1561,0.4455,43587.0
40,127,0.2185,0.4402,34910.0
40,129,0.1937,0.2851,57063.0
40,131,0.1523,0.4514,63263.0
40,133,0.1700,0.5332,39102.0
40,135,0.1728,0.5449,36718.0
40,137,0.1814,0.3352,47949.0
40,139,0.1057,0.5896,51092.0
40,141,0.1903,0.5571,38247.0
40,143,0.1324,0.5686,51366.0
40,145,0.1520,0.4556,57948.0
40,147,0.1863,0.4409,52056.0
40,149,0.1684,0.2820,49606.0
40,151,0.1599,0.2991,52920.0
40,153,0.1412,0.3374,60290.0
41,001,0.2488,0.1651,40855.0
41,003,0.1457,0.3281,54773.0
41,005,0.1653,0.3032,69523.0
41,007,0.2004,0.2530,47340.0
41,009,0.1781,0.1995,52060.0
41,011,0.2442,0.2595,38934.0
41,013,0.2430,0.2072,45046.0
41,015,0.3187,0.2424,38126.0
41,017,0.1861,0.2204,56911.0
41,019,0.2409,0.2137,41696.0
41,021,0.2639,0.2017,50694.0
41,023,0.2814,0.1537,43105.0
41,025,0.2252,0.2296,40468.0
41,027,0.1424,0.4884,53726.0
41,029,0.2059,0.3108,44855.0
41,031,0.1823,0.5713,42325.0
41,033,0.2498,0.2286,40569.0
41,035,0.1985,0.3588,42384.0
41,037,0.2356,0.2551,39878.0
41,039,0.1775,0.3035,47254.0
41,041,0.2595,0.3003,41118.0
41,043,0.1761,0.2532,47757.0
41,045,0.1610,0.5061,37604.0
41,047,0.1466,0.4876,51623.0
41,049,0.1512,0.5068,53774.0
41,051,0.1223,0.4750,58764.0
41,053,0.1702,0.3549,55342.0
41,055,0.2534,0.1928,51448.0
41,057,0.2417,0.2700,44972.0
41,059,0.1453,0.4812,49016.0
41,061,0.1901,0.2011,46378.0
41,063,0.2679,0.1216,44045.0
41,065,0.1957,0.3968,45110.0
41,067,0.1209,0.5082,70417.0
41,069,0.3401,0.2168,34157.0
41,071,0.1606,0.3668,52806.0
42,001,0.1851,0.1939,60558.0
42,003,0.1770,0.3530,54412.0
42,005,0.2048,0.0533,44893.0
42,007,0.1999,0.1888,50131.0
42,009,0.2132,0.0590,45988.0
42,011,0.1627,0.4201,56167.0
42,013,0.1942,0.0971,44880.0
42,015,0.1994,0.0758,49367.0
42,017,0.1710,0.2698,80512.0
42,019,0.1721,0.0937,67892.0
42,021,0.2080,0.1309,43786.0
42,023,0.2506,0.0672,42452.0
42,025,0.1981,0.1406,52121.0
42,027,0.1288,0.2549,55084.0
42,029,0.1496,0.3432,90555.0
42,031,0.1821,0.0736,39988.0
42,033,0.1908,0.1294,44336.0
42,035,0.1750,0.0919,45897.0
42,037,0.1792,0.1238,44763.0
42,039,0.1882,0.0950,45989.0
42,041,0.1742,0.2395,63926.0
42,043,0.1568,0.5081,54198.0
42,045,0.1532,0.4867,67184.0
42,047,0.2068,0.0473,47826.0
42,049,0.1619,0.2699,47118.0
42,051,0.1962,0.1507,40293.0
42,053,0.2089,0.4216,37388.0
42,055,0.1848,0.2057,56975.0
42,057,0.2036,0.0714,49378.0
42,059,0.1734,0.1240,50714.0
42,061,0.1932,0.1678,44875.0
42,063,0.1759,0.1146,45448.0
42,065,0.1953,0.0518,45499.0
42,067,0.1903,0.1012,50008.0
42,069,0.1894,0.2403,48000.0
42,071,0.1673,0.3005,59231.0
42,073,0.2059,0.1425,43944.0
42,075,0.1846,0.2862,52829.0
42,077,0.1594,0.4983,56352.0
42,079,0.1908,0.2843,49589.0
42,081,0.1786,0.1707,49941.0
42,083,0.1801,0.1236,46039.0
42,085,0.2022,0.1767,46319.0
42,087,0.2046,0.0743,42296.0
42,089,0.1586,0.4991,57152.0
42,091,0.1663,0.3925,83258.0
42,093,0.2017,0.1503,57056.0
42,095,0.1784,0.3685,62129.0
42,097,0.2003,0.1318,44221.0
42,099,0.1685,0.0802,54818.0
42,101,0.1292,0.6785,41210.0
42,103,0.2097,0.3229,60436.0
42,105,0.2224,0.0639,41754.0
42,107,0.1938,0.1523,45733.0
42,109,0.1745,0.0913,49803.0
42,111,0.2076,0.1037,43608.0
42,113,0.2636,0.1272,43844.0
42,115,0.2142,0.0702,50141.0
42,117,0.2021,0.0719,48186.0
42,119,0.1642,0.2820,57862.0
42,121,0.2033,0.0751,44916.0
42,123,0.2122,0.0588,45362.0
42,125,0.1918,0.1391,57622.0
42,127,0.2230,0.1716,49927.0
42,129,0.2102,0.1123,53422.0
42,131,0.1912,0.0806,51797.0
42,133,0.1623,0.2782,58527.0
44,001,0.1889,0.1409,75324.0
44,003,0.1751,0.1899,65332.0
44,005,0.2033,0.2486,66096.0
44,007,0.1440,0.5464,50364.0
44,009,0.1860,0.1630,71951.0
45,001,0.1981,0.4477,35932.0
45,003,0.1788,0.4898,48012.0
45,005,0.1736,0.4121,27089.0
45,007,0.1726,0.3677,44745.0
45,009,0.1983,0.5034,29642.0
45,011,0.1672,0.5450,33280.0
45,013,0.2486,0.4977,60071.0
45,015,0.1262,0.5265,55876.0
45,017,0.2050,0.5432,41277.0
45,019,0.1492,0.5106,56244.0
45,021,0.1554,0.4208,37098.0
45,023,0.1736,0.5175,35006.0
45,025,0.1661,0.5237,36520.0
45,027,0.2122,0.5443,34654.0
45,029,0.1860,0.5363,33745.0
45,031,0.1720,0.5275,36719.0
45,033,0.1524,0.5690,31094.0
45,035,0.1259,0.5105,55595.0
45,037,0.1736,0.5501,46430.0
45,039,0.1888,0.5188,36622.0
45,041,0.1539,0.5449,41197.0
45,043,0.2509,0.4935,44395.0
45,045,0.1460,0.4821,52017.0
45,047,0.1741,0.5340,42240.0
45,049,0.1664,0.5482,30772.0
45,051,0.2125,0.3799,47083.0
45,053,0.1639,0.6250,37231.0
45,055,0.1718,0.4613,48233.0
45,057,0.1962,0.4546,47279.0
45,059,0.1709,0.4697,39731.0
45,061,0.1699,0.4900,31525.0
45,063,0.1463,0.4008,55413.0
45,065,0.3111,0.5278,41589.0
45,067,0.1781,0.5334,30528.0
45,069,0.1610,0.5852,32485.0
45,071,0.1836,0.5380,41120.0
45,073,0.2188,0.2707,44819.0
45,075,0.1792,0.5052,37651.0
45,077,0.1560,0.2497,44091.0
45,079,0.1152,0.5916,51065.0
45,081,0.1850,0.5764,41409.0
45,083,0.1541,0.4764,45768.0
45,085,0.1499,0.5680,41058.0
45,087,0.1902,0.4771,35467.0
45,089,0.1828,0.4824,28943.0
45,091,0.1339,0.4485,57302.0
46,003,0.2001,0.1664,50392.0
46,005,0.1686,0.3536,47592.0
46,007,0.1223,0.5598,40529.0
46,009,0.2035,0.2283,48900.0
46,011,0.1085,0.1695,55749.0
46,013,0.1627,0.2018,52065.0
46,015,0.1678,0.2703,50604.0
46,017,0.0744,0.3514,22894.0
46,019,0.1859,0.1511,43572.0
46,021,0.2682,0.0786,49569.0
46,023,0.1810,0.5070,41005.0
46,025,0.2053,0.1050,60544.0
46,027,0.1114,0.2116,43902.0
46,029,0.1603,0.1328,53073.0
46,031,0.1047,0.5225,31621.0
46,033,0.2652,0.1757,54309.0
46,035,0.1760,0.1571,47591.0
46,037,0.2460,0.2446,45131.0
46,039,0.2093,0.1007,54087.0
46,041,0.0971,0.4490,38337.0
46,043,0.2405,0.1020,51915.0
46,045,0.2097,0.0832,56304.0
46,047,0.2693,0.2677,44065.0
46,049,0.2302,0.0503,47802.0
46,051,0.2013,0.1220,51251.0
46,053,0.2469,0.2188,36150.0
46,055,0.2270,0.1372,50221.0
46,057,0.1598,0.1175,57278.0
46,059,0.2423,0.0582,52718.0
46,061,0.1423,0.0517,59508.0
46,063,0.1646,0.1369,57053.0
46,065,0.1594,0.2951,60582.0
46,067,0.2313,0.0900,49558.0
46,069,0.2395,0.2324,49820.0
46,071,0.1354,0.5711,36308.0
46,073,0.2552,0.1162,49054.0
46,075,0.2312,0.1567,47362.0
46,077,0.2189,0.0924,54543.0
46,079,0.1957,0.1158,55300.0
46,081,0.1930,0.1658,51553.0
46,083,0.1128,0.1210,77540.0
46,085,0.1533,0.5429,39527.0
46,087,0.1873,0.1045,56382.0
46,089,0.2778,0.0589,43859.0
46,091,0.1964,0.2969,50216.0
46,093,0.1394,0.2186,55515.0
46,095,0.1600,0.5756,34241.0
46,097,0.2139,0.0981,47970.0
46,099,0.1212,0.2902,55605.0
46,101,0.1771,0.3766,54729.0
46,102,0.0647,0.1835,30391.0
46,103,0.1596,0.3383,52217.0
46,105,0.2245,0.0967,44132.0
46,107,0.2810,0.1149,54655.0
46,109,0.1842,0.5395,42744.0
46,111,0.1793,0.0835,49638.0
46,115,0.1974,0.1194,46504.0
46,117,0.1893,0.2245,62015.0
46,119,0.2013,0.1283,58230.0
46,121,0.0711,0.2823,29193.0
46,123,0.2241,0.3105,48289.0
46,125,0.2023,0.0783,54134.0
46,127,0.1664,0.1329,74439.0
46,129,0.2393,0.3330,44480.0
46,135,0.1779,0.1976,48991.0
46,137,0.0860,0.4706,33239.0
47,001,0.1909,0.1913,44488.0
47,003,0.1464,0.3748,44734.0
47,005,0.2307,0.1301,36201.0
47,007,0.1728,0.2039,39730.0
47,009,0.1886,0.1632,49532.0
47,011,0.1612,0.2415,43772.0
47,013,0.1977,0.0646,33092.0
47,015,0.1765,0.1043,43864.0
47,017,0.1962,0.2675,38412.0
47,019,0.2033,0.0933,35053.0
47,021,0.1377,0.1251,56447.0
47,023,0.1651,0.2501,43452.0
47,025,0.1866,0.0859,35193.0
47,027,0.2339,0.1020,32750.0
47,029,0.1989,0.1222,31355.0
47,031,0.1692,0.1979,44452.0
47,033,0.1775,0.4142,38474.0
47,035,0.2927,0.1021,39472.0
47,037,0.1140,0.5924,51999.0
47,039,0.2230,0.1474,38771.0
47,041,0.1779,0.2047,43804.0
47,043,0.1514,0.1886,47621.0
47,045,0.1684,0.3334,43391.0
47,047,0.1937,0.4588,56710.0
47,049,0.2024,0.0627,31824.0
47,051,0.1911,0.2021,47286.0
47,053,0.1735,0.3716,40789.0
47,055,0.1921,0.2664,42207.0
47,057,0.1927,0.1018,38103.0
47,059,0.2049,0.1272,36309.0
47,061,0.2045,0.0728,33595.0
47,063,0.1784,0.3128,39566.0
47,065,0.1649,0.4477,48943.0
47,067,0.1961,0.0546,27987.0
47,069,0.1688,0.5263,37729.0
47,071,0.2176,0.1491,36765.0
47,073,0.1958,0.0895,38708.0
47,075,0.1648,0.5506,35216.0
47,077,0.1718,0.2305,41328.0
47,079,0.2217,0.2267,38328.0
47,081,0.1618,0.1718,39682.0
47,083,0.2000,0.1476,39999.0
47,085,0.1958,0.1344,43657.0
47,087,0.2143,0.0783,34651.0
47,089,0.1899,0.1416,42669.0
47,091,0.2147,0.1086,33402.0
47,093,0.1476,0.3024,52136.0
47,095,0.1476,0.4674,29908.0
47,097,0.1440,0.5125,34715.0
47,099,0.1738,0.1150,40076.0
47,101,0.1986,0.1222,38198.0
47,103,0.1853,0.2313,43694.0
47,105,0.2491,0.2109,52787.0
47,107,0.1889,0.1918,39207.0
47,109,0.1966,0.1853,37337.0
47,111,0.1555,0.1403,37865.0
47,113,0.1551,0.5390,46694.0
47,115,0.1856,0.1489,41090.0
47,117,0.1549,0.2568,46788.0
47,119,0.1513,0.3435,50868.0
47,121,0.1986,0.1071,41061.0
47,123,0.1994,0.1624,37867.0
47,125,0.0869,0.5343,49603.0
47,127,0.2067,0.1306,52911.0
47,129,0.1646,0.1258,46067.0
47,131,0.1929,0.2886,39946.0
47,133,0.1965,0.0722,36316.0
47,135,0.2120,0.1413,34445.0
47,137,0.2565,0.0617,34714.0
47,139,0.1980,0.0843,38923.0
47,141,0.1612,0.2038,40629.0
47,143,0.1789,0.1694,39863.0
47,145,0.2197,0.1295,43939.0
47,147,0.1370,0.2821,53413.0
47,149,0.0969,0.4422,60022.0
47,151,0.1577,0.0485,33254.0
47,153,0.1892,0.1129,43207.0
47,155,0.1815,0.1729,41987.0
47,157,0.1219,0.5777,46998.0
47,159,0.1574,0.1255,44556.0
47,161,0.1899,0.1452,44266.0
47,163,0.2070,0.1195,42277.0
47,165,0.1490,0.2622,59816.0
47,167,0.1342,0.3869,54077.0
47,169,0.1564,0.2608,47531.0
47,171,0.2209,0.1165,36641.0
47,173,0.1699,0.0676,36878.0
47,175,0.2174,0.0767,39348.0
47,177,0.1684,0.2519,39357.0
47,179,0.1720,0.2008,45261.0
47,181,0.1817,0.1847,34895.0
47,183,0.1745,0.2312,38025.0
47,185,0.1942,0.1153,38649.0
47,187,0.1205,0.2624,104367.0
47,189,0.1480,0.2501,65372.0
48,001,0.1406,0.5707,43062.0
48,003,0.0979,0.5207,72184.0
48,005,0.1511,0.5566,45428.0
48,007,0.2607,0.4675,41560.0
48,009,0.1932,0.2086,60414.0
48,011,0.2173,0.2149,55198.0
48,013,0.1387,0.4778,49047.0
48,015,0.1782,0.5210,57960.0
48,017,0.1365,0.4768,38299.0
48,019,0.2526,0.3410,53662.0
48,021,0.1407,0.5706,56866.0
48,023,0.2433,0.3016,38231.0
48,025,0.1154,0.5497,42540.0
48,027,0.0999,0.6706,48894.0
48,029,0.1136,0.5555,52230.0
48,031,0.2340,0.3562,53449.0
48,033,0.2366,0.3347,63358.0
48,035,0.2411,0.3479,47135.0
48,037,0.1582,0.5177,42515.0
48,039,0.1104,0.6481,71230.0
48,041,0.0829,0.6001,44767.0
48,043,0.2093,0.5344,41785.0
48,045,0.2503,0.4652,42261.0
48,047,0.1745,0.1731,30124.0
48,049,0.1913,0.4266,41981.0
48,051,0.1966,0.5158,50113.0
48,053,0.2103,0.4001,53086.0
48,055,0.1349,0.5709,46093.0
48,057,0.1630,0.5802,50873.0
48,059,0.2014,0.2386,44450.0
48,061,0.1246,0.1935,34044.0
48,063,0.1732,0.5941,40768.0
48,065,0.1728,0.2390,61083.0
48,067,0.2110,0.3857,39274.0
48,069,0.1460,0.4846,43372.0
48,071,0.1107,0.4829,77282.0
48,073,0.1657,0.5523,41355.0
48,075,0.1474,0.5691,37732.0
48,077,0.2068,0.1774,51234.0
48,079,0.1498,0.5271,39398.0
48,081,0.2631,0.3796,42498.0
48,083,0.2387,0.3726,35922.0
48,085,0.1001,0.5974,86823.0
48,087,0.1738,0.5340,38775.0
48,089,0.2091,0.5758,47783.0
48,091,0.1745,0.4543,68362.0
48,093,0.2373,0.4292,41155.0
48,095,0.1567,0.5275,39945.0
48,097,0.1765,0.3855,54534.0
48,099,0.0907,0.5853,45989.0
48,101,0.2370,0.5068,35602.0
48,103,0.1057,0.4924,65883.0
48,105,0.1558,0.4687,53903.0
48,107,0.1751,0.5321,34562.0
48,109,0.1877,0.4003,35192.0
48,111,0.1048,0.5406,47559.0
48,113,0.0993,0.6974,51824.0
48,115,0.1432,0.5438,42589.0
48,117,0.1213,0.4188,45713.0
48,119,0.2113,0.3224,42846.0
48,121,0.0914,0.5734,75898.0
48,123,0.1878,0.5641,47365.0
48,125,0.2142,0.5148,39169.0
48,127,0.1458,0.2457,40040.0
48,129,0.2356,0.3164,36862.0
48,131,0.1757,0.1931,36986.0
48,133,0.2146,0.3334,41944.0
48,135,0.0927,0.5335,62519.0
48,137,0.2613,0.5107,37567.0
48,139,0.1207,0.5316,66811.0
48,141,0.1134,0.3094,43101.0
48,143,0.1353,0.3868,45663.0
48,145,0.1701,0.6254,37912.0
48,147,0.1855,0.3536,43733.0
48,149,0.2354,0.4351,53173.0
48,151,0.2352,0.4695,43082.0
48,153,0.1864,0.5204,36859.0
48,155,0.2588,0.3936,36466.0
48,157,0.0962,0.7440,95117.0
48,159,0.2088,0.3402,43569.0
48,161,0.1875,0.4960,48057.0
48,163,0.1160,0.3600,38809.0
48,165,0.0855,0.5164,53297.0
48,167,0.1309,0.5863,66173.0
48,169,0.1113,0.5687,54606.0
48,171,0.2853,0.3755,54180.0
48,173,0.1449,0.5013,74854.0
48,175,0.2092,0.5251,52612.0
48,177,0.1607,0.5664,43519.0
48,179,0.1528,0.5054,49415.0
48,181,0.1721,0.3925,48164.0
48,183,0.1433,0.5861,48561.0
48,185,0.1602,0.5738,44226.0
48,187,0.1309,0.5871,64252.0
48,189,0.1300,0.5328,41999.0
48,191,0.2301,0.5579,32158.0
48,193,0.2545,0.2569,46181.0
48,195,0.1417,0.5184,55215.0
48,197,0.2082,0.4664,38154.0
48,199,0.1570,0.2323,56201.0
48,201,0.0946,0.6882,56670.0
48,203,0.1563,0.5292,46593.0
48,205,0.1449,0.4899,66231.0
48,207,0.2116,0.4854,36085.0
48,209,0.1015,0.5467,61121.0
48,211,0.1284,0.4764,71177.0
48,213,0.2135,0.3577,44944.0
48,215,0.1039,0.1524,35441.0
48,217,0.2057,0.4440,44965.0
48,219,0.1362,0.5520,48768.0
48,221,0.2408,0.2620,61371.0
48,223,0.1729,0.4205,43284.0
48,225,0.2126,0.5400,37536.0
48,227,0.1209,0.5752,47148.0
48,229,0.1689,0.3479,33048.0
48,231,0.1558,0.4356,46632.0
48,233,0.1534,0.4396,53085.0
48,235,0.1983,0.4296,64777.0
48,237,0.1597,0.3641,51711.0
48,239,0.1662,0.5380,53667.0
48,241,0.1868,0.4094,46541.0
48,243,0.3097,0.5029,47654.0
48,245,0.1364,0.6742,47620.0
48,247,0.1635,0.1396,36048.0
48,249,0.1426,0.3234,43028.0
48,251,0.1346,0.4112,58685.0
48,253,0.1439,0.5605,41871.0
48,255,0.1403,0.5694,47129.0
48,257,0.1179,0.5006,60438.0
48,259,0.1859,0.4028,79108.0
48,261,0.1905,0.3782,40082.0
48,263,0.2637,0.3693,45338.0
48,265,0.2661,0.4456,47389.0
48,267,0.2765,0.3914,37448.0
48,269,0.1809,0.3061,69588.0
48,271,0.2466,0.5045,40840.0
48,273,0.1270,0.4314,40066.0
48,275,0.1899,0.5317,43238.0
48,277,0.1857,0.4111,39433.0
48,279,0.1613,0.5368,41807.0
48,281,0.1834,0.4284,50985.0
48,283,0.1303,0.2552,42500.0
48,285,0.2239,0.4126,49752.0
48,287,0.1759,0.5267,54747.0
48,289,0.2337,0.3852,47740.0
48,291,0.1279,0.5046,53552.0
48,293,0.1806,0.5757,40655.0
48,295,0.1492,0.4929,60955.0
48,297,0.1954,0.5452,53184.0
48,299,0.3511,0.2296,46366.0
48,301,0.1008,0.3726,59499.0
48,303,0.1172,0.5772,47139.0
48,305,0.1711,0.5349,38922.0
48,307,0.2120,0.4800,39900.0
48,309,0.1360,0.5912,46264.0
48,311,0.2041,0.5200,60709.0
48,313,0.1518,0.5991,40857.0
48,315,0.2456,0.4503,35152.0
48,317,0.1102,0.5324,60815.0
48,319,0.2842,0.4021,45340.0
48,321,0.1595,0.6155,45073.0
48,323,0.1104,0.0919,34687.0
48,325,0.1580,0.5364,52831.0
48,327,0.2882,0.4897,34308.0
48,329,0.1006,0.5864,79829.0
48,331,0.1970,0.5264,46433.0
48,333,0.2585,0.3313,40958.0
48,335,0.1414,0.6009,41977.0
48,337,0.2170,0.2446,49653.0
48,339,0.1223,0.4805,72428.0
48,341,0.1036,0.5817,49345.0
48,343,0.2112,0.5153,37236.0
48,345,0.2914,0.3377,40575.0
48,347,0.1337,0.5705,39556.0
48,349,0.1654,0.5866,41047.0
48,351,0.1918,0.4144,40345.0
48,353,0.1727,0.5395,40052.0
48,355,0.1327,0.5100,50188.0
48,357,0.1012,0.5226,67136.0
48,359,0.1420,0.3608,53797.0
48,361,0.1517,0.3223,51156.0
48,363,0.1867,0.3900,42932.0
48,365,0.1717,0.4271,50057.0
48,367,0.1483,0.2695,67545.0
48,369,0.1321,0.4868,46827.0
48,371,0.1236,0.4614,45839.0
48,373,0.1865,0.4623,42746.0
48,375,0.1156,0.6426,40353.0
48,377,0.2228,0.2791,33218.0
48,379,0.2391,0.2504,46698.0
48,381,0.1393,0.4167,62080.0
48,383,0.1064,0.4629,65948.0
48,385,0.2927,0.4367,34031.0
48,387,0.2318,0.4313,36347.0
48,389,0.1162,0.4172,44470.0
48,391,0.2038,0.5710,45562.0
48,393,0.1813,0.2405,71859.0
48,395,0.1865,0.5853,53635.0
48,397,0.1167,0.4415,92150.0
48,399,0.2008,0.4995,39404.0
48,401,0.1559,0.5255,49347.0
48,403,0.2998,0.2445,36813.0
48,405,0.2522,0.4738,33156.0
48,407,0.2050,0.4118,42371.0
48,409,0.1412,0.5210,52952.0
48,411,0.2209,0.4901,42559.0
48,413,0.1596,0.5199,53886.0
48,415,0.1401,0.5485,57385.0
48,417,0.1944,0.2565,51685.0
48,419,0.1663,0.5522,41519.0
48,421,0.1400,0.5184,54010.0
48,423,0.1559,0.5676,49364.0
48,425,0.1799,0.3679,58040.0
48,427,0.1106,0.0746,28292.0
48,429,0.1914,0.4227,45410.0
48,431,0.1530,0.5203,62759.0
48,433,0.2575,0.3762,45928.0
48,435,0.1602,0.4829,60310.0
48,437,0.1789,0.5820,40584.0
48,439,0.1044,0.6576,60735.0
48,441,0.1389,0.5194,47388.0
48,443,0.2549,0.5411,43815.0
48,445,0.1473,0.5436,43357.0
48,447,0.2623,0.2735,43225.0
48,449,0.1344,0.6002,41538.0
48,451,0.1450,0.5502,47756.0
48,453,0.0879,0.6296,65244.0
48,455,0.2567,0.3554,37213.0
48,457,0.2125,0.3470,40820.0
48,459,0.1736,0.3327,45494.0
48,461,0.1361,0.5336,57085.0
48,463,0.1609,0.4233,37700.0
48,465,0.1379,0.3137,42465.0
48,467,0.1986,0.2740,47252.0
48,469,0.1480,0.5751,55406.0
48,471,0.1202,0.5927,41429.0
48,473,0.1135,0.6622,50746.0
48,475,0.1395,0.5541,57570.0
48,477,0.2018,0.5305,51879.0
48,479,0.0872,0.0871,39237.0
48,481,0.1591,0.6144,45198.0
48,483,0.1721,0.4685,51114.0
48,485,0.1401,0.5133,45430.0
48,487,0.1712,0.5610,43073.0
48,489,0.1299,0.2188,30287.0
48,491,0.1114,0.5595,78531.0
48,493,0.1470,0.5119,68805.0
48,495,0.1121,0.5103,55331.0
48,497,0.1459,0.3603,58367.0
48,499,0.2647,0.2984,45753.0
48,501,0.1126,0.4709,59752.0
48,503,0.1936,0.3478,49079.0
48,505,0.1206,0.1130,35754.0
48,507,0.1314,0.1207,27711.0
49,001,0.1417,0.2539,50492.0
49,003,0.1214,0.2298,58380.0
49,005,0.0878,0.2774,51951.0
49,007,0.1569,0.2937,47894.0
49,009,0.2096,0.1485,57368.0
49,011,0.0933,0.2727,72268.0
49,013,0.1056,0.2639,63149.0
49,015,0.1548,0.1560,54086.0
49,017,0.2035,0.1871,45509.0
49,019,0.1655,0.3043,44858.0
49,021,0.1182,0.2427,45118.0
49,023,0.1168,0.1389,55201.0
49,025,0.2239,0.1537,47530.0
49,027,0.1616,0.2853,52206.0
49,029,0.1122,0.0915,81358.0
49,031,0.2414,0.2042,39507.0
49,033,0.1674,0.1616,58645.0
49,035,0.0996,0.4412,65549.0
49,037,0.1282,0.5752,39305.0
49,039,0.1308,0.2458,46929.0
49,041,0.1547,0.1462,48711.0
49,043,0.1073,0.2677,93235.0
49,045,0.0867,0.2815,67938.0
49,047,0.0911,0.3199,67561.0
49,049,0.0727,0.2923,65425.0
49,051,0.0988,0.2773,75112.0
49,053,0.2004,0.2645,54398.0
49,055,0.1900,0.1589,41596.0
49,057,0.1120,0.3760,58786.0
50,001,0.1764,0.1338,58408.0
50,003,0.2128,0.1008,50506.0
50,005,0.1843,0.0943,46403.0
50,007,0.1350,0.1991,67112.0
50,009,0.2437,0.0793,41764.0
50,011,0.1440,0.1125,59280.0
50,013,0.1873,0.1303,68342.0
50,015,0.1580,0.0966,54076.0
50,017,0.1856,0.0816,54552.0
50,019,0.2059,0.0885,42884.0
50,021,0.1998,0.0830,51164.0
50,023,0.1780,0.1082,56333.0
50,025,0.2013,0.1208,49298.0
50,027,0.2113,0.0964,53984.0
51,001,0.2159,0.5477,38690.0
51,003,0.1674,0.3848,71293.0
51,005,0.2347,0.1514,45210.0
51,007,0.1869,0.4198,53078.0
51,009,0.1944,0.3976,48646.0
51,011,0.1960,0.3751,49461.0
51,013,0.0984,0.5659,104354.0
51,015,0.1944,0.1609,56867.0
51,017,0.2547,0.1508,44401.0
51,019,0.1981,0.2162,54153.0
51,021,0.2125,0.1083,44727.0
51,023,0.2042,0.1302,62591.0
51,025,0.1945,0.5264,39748.0
51,027,0.1989,0.0906,32433.0
51,029,0.1783,0.5097,43774.0
51,031,0.1858,0.3311,46938.0
51,033,0.1546,0.5144,54696.0
51,035,0.2250,0.0966,42790.0
51,036,0.2166,0.6045,51645.0
51,037,0.2128,0.4621,37819.0
51,041,0.1341,0.5418,75107.0
51,043,0.1912,0.2320,71789.0
51,045,0.2085,0.0494,47832.0
51,047,0.1459,0.4555,63728.0
51,049,0.2061,0.5006,40958.0
51,051,0.1987,0.0430,32620.0
51,053,0.1622,0.5075,52694.0
51,057,0.2094,0.5527,47427.0
51,059,0.1217,0.6568,112844.0
51,061,0.1518,0.3309,89610.0
51,063,0.2091,0.1201,48448.0
51,065,0.1865,0.3553,65899.0
51,067,0.2156,0.2274,49117.0
51,069,0.1588,0.2730,69991.0
51,071,0.2073,0.0946,46727.0
51,073,0.1787,0.2637,63742.0
51,075,0.1979,0.3680,86257.0
51,077,0.2224,0.1803,37684.0
51,079,0.1614,0.2882,60406.0
51,081,0.1458,0.5139,40252.0
51,083,0.2258,0.5114,40432.0
51,085,0.1608,0.2742,81900.0
51,087,0.1411,0.6061,65524.0
51,089,0.2261,0.4511,36695.0
51,091,0.3083,0.0554,42363.0
51,093,0.1749,0.4401,67480.0
51,095,0.2363,0.3957,77668.0
51,097,0.2031,0.4889,47513.0
51,099,0.1212,0.4240,81128.0
51,101,0.1496,0.3910,64651.0
51,103,0.3495,0.4576,47098.0
51,105,0.1917,0.1406,32135.0
51,107,0.0830,0.6044,125900.0
51,109,0.1825,0.3639,57015.0
51,111,0.2060,0.5283,38941.0
51,113,0.2065,0.2686,53655.0
51,115,0.2938,0.2566,56119.0
51,117,0.2446,0.5179,33650.0
51,119,0.2988,0.3678,52407.0
51,121,0.1148,0.2829,51157.0
51,125,0.2467,0.3154,49621.0
51,127,0.1594,0.3427,79322.0
51,131,0.2485,0.5777,37515.0
51,133,0.3551,0.4472,52075.0
51,135,0.1841,0.5475,39544.0
51,137,0.1979,0.3546,59482.0
51,139,0.2026,0.1076,43313.0
51,141,0.2474,0.1867,37360.0
51,143,0.2052,0.4020,42390.0
51,145,0.1684,0.2644,77761.0
51,147,0.1518,0.5096,41088.0
51,149,0.1244,0.5840,63320.0
51,153,0.0880,0.6977,99206.0
51,155,0.2126,0.1681,48218.0
51,157,0.2443,0.2016,62729.0
51,159,0.2054,0.5343,43888.0
51,161,0.1992,0.2445,63372.0
51,163,0.2425,0.1327,47561.0
51,165,0.1793,0.1925,52953.0
51,167,0.1960,0.0614,38386.0
51,169,0.2252,0.0619,37567.0
51,171,0.2045,0.2120,54281.0
51,173,0.2071,0.1111,38933.0
51,175,0.1825,0.5031,48119.0
51,177,0.1275,0.4781,76181.0
51,179,0.0940,0.5450,95666.0
51,181,0.1973,0.5404,51331.0
51,183,0.1641,0.5234,39900.0
51,185,0.1990,0.1160,40476.0
51,187,0.1464,0.2265,58047.0
51,191,0.2105,0.0850,45864.0
51,193,0.2422,0.5160,47581.0
51,195,0.1638,0.1565,36076.0
51,197,0.1998,0.1132,42883.0
51,199,0.1493,0.4547,83007.0
51,510,0.1062,0.6472,89177.0
51,520,0.2012,0.2026,38745.0
51,530,0.1809,0.2156,38962.0
51,540,0.1055,0.5216,54876.0
51,550,0.1213,0.5648,67296.0
51,570,0.2025,0.4176,45283.0
51,580,0.2077,0.3217,35374.0
51,590,0.1974,0.5604,32369.0
51,595,0.1790,0.5169,33904.0
51,600,0.1514,0.6032,99671.0
51,610,0.1246,0.4576,122092.0
51,620,0.1822,0.5286,36004.0
51,630,0.1051,0.5753,50710.0
51,640,0.1994,0.3943,32829.0
51,650,0.1411,0.6006,50191.0
51,660,0.0879,0.4985,39967.0
51,670,0.1565,0.6016,37193.0
51,678,0.1536,0.3290,44392.0
51,680,0.1384,0.5216,39939.0
51,683,0.0881,0.6700,72562.0
51,685,0.0706,0.6968,75429.0
51,690,0.1954,0.5746,32541.0
51,700,0.1201,0.6336,48127.0
51,710,0.1027,0.6285,45094.0
51,720,0.1684,0.2418,31287.0
51,730,0.1626,0.3808,31645.0
51,735,0.1843,0.1498,86135.0
51,740,0.1390,0.5676,46308.0
51,750,0.0849,0.2899,35259.0
51,760,0.1198,0.5923,40161.0
51,770,0.1518,0.5572,39587.0
51,775,0.1838,0.2509,47600.0
51,790,0.2051,0.3220,43401.0
51,800,0.1334,0.5738,61171.0
51,810,0.1271,0.5598,67032.0
51,820,0.1810,0.3893,43500.0
51,830,0.1465,0.5053,47971.0
51,840,0.1476,0.5091,47679.0
53,001,0.1052,0.4881,48127.0
53,003,0.2171,0.1616,46573.0
53,005,0.1374,0.4402,62698.0
53,007,0.1758,0.4532,53604.0
53,009,0.2735,0.2985,46708.0
53,011,0.1410,0.3528,64282.0
53,013,0.2710,0.2418,40209.0
53,015,0.1821,0.2774,50502.0
53,017,0.1632,0.4770,51400.0
53,019,0.2314,0.4193,40747.0
53,021,0.0831,0.5532,58246.0
53,023,0.2444,0.1751,47087.0
53,025,0.1287,0.5308,50573.0
53,027,0.1982,0.3480,44345.0
53,029,0.2279,0.3431,60567.0
53,031,0.3322,0.2089,53421.0
53,033,0.1243,0.5774,81816.0
53,035,0.1631,0.3864,65814.0
53,037,0.1508,0.2756,47378.0
53,039,0.2200,0.3073,50043.0
53,041,0.2003,0.2790,47619.0
53,043,0.2450,0.1498,49774.0
53,045,0.2182,0.3260,54175.0
53,047,0.2064,0.5148,41844.0
53,049,0.2835,0.3084,41088.0
53,051,0.2405,0.2058,41526.0
53,053,0.1295,0.5125,60168.0
53,055,0.3044,0.1999,59859.0
53,057,0.1911,0.4025,56891.0
53,059,0.1868,0.2177,53733.0
53,061,0.1235,0.4667,76053.0
53,063,0.1503,0.2662,48676.0
53,065,0.2133,0.2375,42845.0
53,067,0.1569,0.4067,62299.0
53,069,0.3152,0.1988,50402.0
53,071,0.1676,0.4288,50120.0
53,073,0.1588,0.3513,55073.0
53,075,0.0990,0.3567,43817.0
53,077,0.1298,0.5679,46891.0
54,001,0.1845,0.0843,37330.0
54,003,0.1373,0.2685,54217.0
54,005,0.1746,0.0435,37971.0
54,007,0.2042,0.0575,35892.0
54,009,0.2175,0.0798,45272.0
54,011,0.1736,0.1841,39044.0
54,013,0.2222,0.0501,36403.0
54,015,0.1886,0.0448,30369.0
54,017,0.1913,0.0881,41115.0
54,019,0.1903,0.1398,36235.0
54,021,0.1596,0.3248,36392.0
54,023,0.2256,0.0619,38370.0
54,025,0.2176,0.1363,38209.0
54,027,0.2060,0.0792,40293.0
54,029,0.2116,0.1145,42009.0
54,031,0.2012,0.1814,41344.0
54,033,0.1823,0.1071,46979.0
54,035,0.1912,0.0572,44675.0
54,037,0.1465,0.2876,67821.0
54,039,0.1877,0.2207,44849.0
54,041,0.1943,0.0693,39601.0
54,043,0.1773,0.0410,35249.0
54,045,0.1800,0.0770,35615.0
54,047,0.1893,0.2065,26413.0
54,049,0.1841,0.1317,43654.0
54,051,0.2028,0.0634,48109.0
54,053,0.1926,0.0601,35717.0
54,055,0.2015,0.1785,35342.0
54,057,0.2029,0.1111,43159.0
54,059,0.1632,0.0792,31742.0
54,061,0.1120,0.2130,46718.0
54,063,0.2310,0.0686,34974.0
54,065,0.2140,0.0818,45628.0
54,067,0.2007,0.0555,38912.0
54,069,0.2015,0.1425,46315.0
54,071,0.2538,0.0951,40257.0
54,073,0.1794,0.0764,48308.0
54,075,0.2356,0.0850,36822.0
54,077,0.1808,0.0692,43804.0
54,079,0.1679,0.0850,58933.0
54,081,0.1877,0.2276,38564.0
54,083,0.2035,0.0760,37185.0
54,085,0.2115,0.0453,39501.0
54,087,0.1990,0.0563,36176.0
54,089,0.2259,0.1497,35676.0
54,091,0.1858,0.0732,43652.0
54,093,0.2436,0.0472,38000.0
54,095,0.2102,0.0416,42696.0
54,097,0.1881,0.0726,40766.0
54,099,0.1942,0.0489,35537.0
54,101,0.2154,0.0492,30673.0
54,103,0.2180,0.0508,41833.0
54,105,0.1830,0.0495,42309.0
54,107,0.1904,0.0896,41133.0
54,109,0.1864,0.0511,35020.0
55,001,0.2753,0.1734,42844.0
55,003,0.1754,0.3047,40163.0
55,005,0.2037,0.1179,51056.0
55,007,0.2516,0.2661,50080.0
55,009,0.1341,0.3204,56003.0
55,011,0.2070,0.0766,53892.0
55,013,0.2691,0.1748,44858.0
55,015,0.1354,0.1602,71298.0
55,017,0.1650,0.1183,53209.0
55,019,0.1609,0.1220,50187.0
55,021,0.1665,0.1323,60837.0
55,023,0.2104,0.0993,44895.0
55,025,0.1228,0.3448,65416.0
55,027,0.1619,0.1800,56514.0
55,029,0.2708,0.1060,55047.0
55,031,0.1680,0.1513,48715.0
55,033,0.1462,0.1313,53082.0
55,035,0.1443,0.1768,51937.0
55,037,0.2423,0.0717,46193.0
55,039,0.1691,0.1805,58049.0
55,041,0.2205,0.3429,44098.0
55,043,0.1615,0.0903,51008.0
55,045,0.1705,0.1051,59155.0
55,047,0.2085,0.1342,49493.0
55,049,0.1670,0.0807,58092.0
55,051,0.2846,0.0813,42328.0
55,053,0.1775,0.2456,50653.0
55,055,0.1546,0.1846,61622.0
55,057,0.1952,0.1532,46051.0
55,059,0.1278,0.3926,56414.0
55,061,0.1894,0.0952,60572.0
55,063,0.1504,0.1800,51428.0
55,065,0.1699,0.1021,56428.0
55,067,0.2235,0.1040,44635.0
55,069,0.2010,0.0828,51406.0
55,071,0.1885,0.1652,51951.0
55,073,0.1618,0.1993,56347.0
55,075,0.2207,0.0853,48545.0
55,077,0.2330,0.1144,48508.0
55,078,0.1249,0.3782,33410.0
55,079,0.1252,0.6337,45905.0
55,081,0.1580,0.1641,52975.0
55,083,0.1877,0.0911,53243.0
55,085,0.2418,0.0921,50297.0
55,087,0.1349,0.2181,60649.0
55,089,0.1802,0.1507,80135.0
55,091,0.2064,0.0644,50094.0
55,093,0.1325,0.1032,63735.0
55,095,0.1879,0.0893,54946.0
55,097,0.1485,0.1589,57010.0
55,099,0.2383,0.1023,44932.0
55,101,0.1519,0.4403,57367.0
55,103,0.2055,0.0907,46998.0
55,105,0.1534,0.2937,54107.0
55,107,0.2230,0.0906,42289.0
55,109,0.1253,0.1092,74624.0
55,111,0.1708,0.1606,52025.0
55,113,0.2390,0.3786,44556.0
55,115,0.2001,0.2322,50948.0
55,117,0.1646,0.2678,58190.0
55,119,0.1796,0.0689,48951.0
55,121,0.1690,0.1747,53695.0
55,123,0.1831,0.0704,49217.0
55,125,0.2943,0.2649,42993.0
55,127,0.1580,0.2533,58554.0
55,129,0.2431,0.1073,45043.0
55,131,0.1630,0.1276,70778.0
55,133,0.1700,0.2002,78689.0
55,135,0.1958,0.1018,54849.0
55,137,0.2284,0.1876,49912.0
55,139,0.1502,0.1991,52725.0
55,141,0.1917,0.1376,51025.0
56,001,0.1042,0.2959,44455.0
56,003,0.1951,0.2137,50056.0
56,005,0.0768,0.2267,83042.0
56,007,0.1521,0.3613,60209.0
56,009,0.1460,0.2068,70307.0
56,011,0.1808,0.1074,64851.0
56,013,0.1663,0.4648,52408.0
56,015,0.2075,0.2419,48146.0
56,017,0.2432,0.1419,46021.0
56,019,0.2182,0.1545,56845.0
56,021,0.1470,0.3496,59147.0
56,023,0.1557,0.1389,62364.0
56,025,0.1326,0.2327,56703.0
56,027,0.2075,0.1362,46693.0
56,029,0.2112,0.1603,55527.0
56,031,0.2348,0.1953,51863.0
56,033,0.1880,0.1528,57122.0
56,035,0.1545,0.1920,77581.0
56,037,0.1019,0.3359,71867.0
56,039,0.1313,0.3103,83290.0
56,041,0.1148,0.2234,62968.0
56,043,0.1994,0.3026,56088.0
56,045,0.1765,0.1595,60986.0
