state,election_date,scope,question_id,question_name,district_or_muni_id,yes_votes,no_votes,total_votes,pct_yes,outcome
MN,2020-11-03,City,1131,CITY QUESTION 1 (Ada),00172,551,273,824,66.87,Passed
MN,2020-11-03,City,1131,CITY QUESTION 1 (Appleton),01864,447,182,629,71.07,Passed
MN,2020-11-03,City,1131,CITY QUESTION 1 (Bemidji),05068,3543,2955,6498,54.52,Passed
MN,2020-11-03,City,1131,CITY QUESTION 1 (Biwabik),06148,329,165,494,66.6,Passed
MN,2020-11-03,City,1131,CITY QUESTION 1 (Bloomington),06616,26732,22404,49136,54.4,Passed
MN,2020-11-03,City,1132,CITY QUESTION 2 (Bloomington),06616,14487,35188,49675,29.16,Failed
MN,2020-11-03,City,1133,CITY QUESTION 3 (Bloomington),06616,25339,24158,49497,51.19,Passed
MN,2020-11-03,City,1131,CITY QUESTION 1 (Cosmos),13420,55,169,224,24.55,Failed
MN,2020-11-03,City,1131,CITY QUESTION 1 (East Grand Forks),17612,2136,1029,3165,67.49,Passed
MN,2020-11-03,City,1131,CITY QUESTION 1 (Echo),17900,87,41,128,67.97,Passed
MN,2020-11-03,City,1131,CITY QUESTION 1 (Farmington),20618,4162,6330,10492,39.67,Failed
MN,2020-11-03,City,1131,CITY QUESTION 1 (Halstad),26630,145,67,212,68.4,Passed
MN,2020-11-03,City,1131,CITY QUESTION 1 (Holt),29870,36,11,47,76.6,Passed
MN,2020-11-03,City,1131,CITY QUESTION 1 (International Falls),31040,1423,1557,2980,47.75,Failed
MN,2020-11-03,City,1131,CITY QUESTION 1 (Keewatin),32570,306,228,534,57.3,Passed
MN,2020-11-03,City,1131,CITY QUESTION 1 (Long Prairie),38060,807,343,1150,70.17,Passed
MN,2020-11-03,City,1131,CITY QUESTION 1 (Manhattan Beach),39806,15,26,41,36.59,Failed
MN,2020-11-03,City,1131,CITY QUESTION 1 (Minneapolis),43000,142777,46664,189441,75.37,Passed
MN,2020-11-03,City,1132,CITY QUESTION 2 (Minneapolis),43000,164883,24738,189621,86.95,Passed
MN,2020-11-03,City,1131,CITY QUESTION 1 (Minnetonka),43252,18475,15293,33768,54.71,Passed
MN,2020-11-03,City,1131,CITY QUESTION 1 (Princeton),52522,681,1645,2326,29.28,Failed
MN,2020-11-03,City,1131,CITY QUESTION 1 (Rochester),54880,37958,23864,61822,61.4,Passed
MN,2020-11-03,City,1131,CITY QUESTION 1 (Shakopee),59350,8317,11799,20116,41.35,Failed
MN,2020-11-03,City,1131,CITY QUESTION 1 (Vesta),66982,98,24,122,80.33,Passed
MN,2020-11-03,City,1131,CITY QUESTION 1 (Waite Park),67612,1359,1399,2758,49.27,Failed
MN,2020-11-03,School (referendum/bond),5031,SCHOOL DISTRICT QUESTION 1 (ISD #1),0001,2820,2965,5785,48.75,Failed
MN,2020-11-03,School (referendum/bond),5031,SCHOOL DISTRICT QUESTION 1 (ISD #14),0014,5202,2559,7761,67.03,Passed
MN,2020-11-03,School (referendum/bond),5031,SCHOOL DISTRICT QUESTION 1 (ISD #31),0031,7857,11731,19588,40.11,Failed
MN,2020-11-03,School (referendum/bond),5031,SCHOOL DISTRICT QUESTION 1 (ISD #38),0038,1707,509,2216,77.03,Passed
MN,2020-11-03,School (referendum/bond),5031,SCHOOL DISTRICT QUESTION 1 (ISD #110),0110,6407,6313,12720,50.37,Passed
MN,2020-11-03,School (referendum/bond),5031,SCHOOL DISTRICT QUESTION 1 (ISD #129),0129,1914,1744,3658,52.32,Passed
MN,2020-11-03,School (referendum/bond),5032,SCHOOL DISTRICT QUESTION 2 (ISD #129),0129,1332,2322,3654,36.45,Failed
MN,2020-11-03,School (referendum/bond),5031,SCHOOL DISTRICT QUESTION 1 (ISD #238),0238,798,273,1071,74.51,Passed
MN,2020-11-03,School (referendum/bond),5032,SCHOOL DISTRICT QUESTION 2 (ISD #238),0238,644,419,1063,60.58,Passed
MN,2020-11-03,School (referendum/bond),5033,SCHOOL DISTRICT QUESTION 3 (ISD #238),0238,612,427,1039,58.9,Passed
MN,2020-11-03,School (referendum/bond),5031,SCHOOL DISTRICT QUESTION 1 (ISD #241),0241,4088,7154,11242,36.36,Failed
MN,2020-11-03,School (referendum/bond),5031,SCHOOL DISTRICT QUESTION 1 (ISD #278),0278,4198,4257,8455,49.65,Failed
MN,2020-11-03,School (referendum/bond),5031,SCHOOL DISTRICT QUESTION 1 (ISD #306),0306,456,533,989,46.11,Failed
MN,2020-11-03,School (referendum/bond),5031,SCHOOL DISTRICT QUESTION 1 (ISD #309),0309,3353,3465,6818,49.18,Failed
MN,2020-11-03,School (referendum/bond),5032,SCHOOL DISTRICT QUESTION 2 (ISD #309),0309,3210,3638,6848,46.88,Failed
MN,2020-11-03,School (referendum/bond),5031,SCHOOL DISTRICT QUESTION 1 (ISD #319),0319,1171,1025,2196,53.32,Passed
MN,2020-11-03,School (referendum/bond),5031,SCHOOL DISTRICT QUESTION 1 (ISD #345),0345,2522,3300,5822,43.32,Failed
MN,2020-11-03,School (referendum/bond),5031,SCHOOL DISTRICT QUESTION 1 (ISD #356),0356,303,188,491,61.71,Passed
MN,2020-11-03,School (referendum/bond),5031,SCHOOL DISTRICT QUESTION 1 (ISD #391),0391,510,1083,1593,32.02,Failed
MN,2020-11-03,School (referendum/bond),5031,SCHOOL DISTRICT QUESTION 1 (ISD #441),0441,523,427,950,55.05,Passed
MN,2020-11-03,School (referendum/bond),5031,SCHOOL DISTRICT QUESTION 1 (ISD #492),0492,5957,6137,12094,49.26,Failed
MN,2020-11-03,School (referendum/bond),5031,SCHOOL DISTRICT QUESTION 1 (ISD #542),0542,1998,781,2779,71.9,Passed
MN,2020-11-03,School (referendum/bond),5031,SCHOOL DISTRICT QUESTION 1 (ISD #545),0545,1301,638,1939,67.1,Passed
MN,2020-11-03,School (referendum/bond),5031,SCHOOL DISTRICT QUESTION 1 (ISD #578),0578,3334,2207,5541,60.17,Passed
MN,2020-11-03,School (referendum/bond),5031,SCHOOL DISTRICT QUESTION 1 (ISD #635),0635,177,215,392,45.15,Failed
MN,2020-11-03,School (referendum/bond),5032,SCHOOL DISTRICT QUESTION 2 (ISD #635),0635,267,123,390,68.46,Passed
MN,2020-11-03,School (referendum/bond),5031,SCHOOL DISTRICT QUESTION 1 (ISD #676),0676,439,102,541,81.15,Passed
MN,2020-11-03,School (referendum/bond),5032,SCHOOL DISTRICT QUESTION 2 (ISD #676),0676,441,108,549,80.33,Passed
MN,2020-11-03,School (referendum/bond),5031,SCHOOL DISTRICT QUESTION 1 (ISD #698),0698,315,513,828,38.04,Failed
MN,2020-11-03,School (referendum/bond),5032,SCHOOL DISTRICT QUESTION 2 (ISD #698),0698,279,541,820,34.02,Failed
MN,2020-11-03,School (referendum/bond),5031,SCHOOL DISTRICT QUESTION 1 (ISD #720),0720,10784,12702,23486,45.92,Failed
MN,2020-11-03,School (referendum/bond),5031,SCHOOL DISTRICT QUESTION 1 (ISD #761),0761,8315,7555,15870,52.39,Passed
MN,2020-11-03,School (referendum/bond),5032,SCHOOL DISTRICT QUESTION 2 (ISD #761),0761,6181,9641,15822,39.07,Failed
MN,2020-11-03,School (referendum/bond),5031,SCHOOL DISTRICT QUESTION 1 (ISD #803),0803,565,568,1133,49.87,Failed
MN,2020-11-03,School (referendum/bond),5032,SCHOOL DISTRICT QUESTION 2 (ISD #803),0803,698,441,1139,61.28,Passed
MN,2020-11-03,School (referendum/bond),5031,SCHOOL DISTRICT QUESTION 1 ( CSD  #815),0815,416,84,500,83.2,Passed
MN,2020-11-03,School (referendum/bond),5031,SCHOOL DISTRICT QUESTION 1 (ISD #821),0821,709,1433,2142,33.1,Failed
MN,2020-11-03,School (referendum/bond),5031,SCHOOL DISTRICT QUESTION 1 (ISD #836),0836,222,347,569,39.02,Failed
MN,2020-11-03,School (referendum/bond),5032,SCHOOL DISTRICT QUESTION 2 (ISD #836),0836,205,348,553,37.07,Failed
MN,2020-11-03,School (referendum/bond),5031,SCHOOL DISTRICT QUESTION 1 (ISD #840),0840,1575,1248,2823,55.79,Passed
MN,2020-11-03,School (referendum/bond),5031,SCHOOL DISTRICT QUESTION 1 (ISD #882),0882,4104,7633,11737,34.97,Failed
MN,2020-11-03,School (referendum/bond),5031,SCHOOL DISTRICT QUESTION 1 (ISD #911),0911,6503,10699,17202,37.8,Failed
MN,2020-11-03,School (referendum/bond),5031,SCHOOL DISTRICT QUESTION 1 (ISD #914),0914,467,343,810,57.65,Passed
MN,2020-11-03,School (referendum/bond),5032,SCHOOL DISTRICT QUESTION 2 (ISD #914),0914,362,448,810,44.69,Failed
MN,2020-11-03,School (referendum/bond),5031,SCHOOL DISTRICT QUESTION 1 (ISD #2134),2134,1611,1364,2975,54.15,Passed
MN,2020-11-03,School (referendum/bond),5031,SCHOOL DISTRICT QUESTION 1 (ISD #2168),2168,976,1925,2901,33.64,Failed
MN,2020-11-03,School (referendum/bond),5031,SCHOOL DISTRICT QUESTION 1 (ISD #2172),2172,1195,1942,3137,38.09,Failed
MN,2020-11-03,School (referendum/bond),5031,SCHOOL DISTRICT QUESTION 1 (ISD #2198),2198,1845,689,2534,72.81,Passed
MN,2020-11-03,School (referendum/bond),5031,SCHOOL DISTRICT QUESTION 1 (ISD #2342),2342,1078,2055,3133,34.41,Failed
MN,2020-11-03,School (referendum/bond),5032,SCHOOL DISTRICT QUESTION 2 (ISD #2342),2342,1441,1647,3088,46.66,Failed
MN,2020-11-03,School (referendum/bond),5033,SCHOOL DISTRICT QUESTION 3 (ISD #2342),2342,1094,2000,3094,35.36,Failed
MN,2020-11-03,School (referendum/bond),5034,SCHOOL DISTRICT QUESTION 4 (ISD #2342),2342,1127,1948,3075,36.65,Failed
MN,2020-11-03,School (referendum/bond),5031,SCHOOL DISTRICT QUESTION 1 (ISD #2683),2683,689,866,1555,44.31,Failed
MN,2020-11-03,School (referendum/bond),5031,SCHOOL DISTRICT QUESTION 1 (ISD #2687),2687,2200,3114,5314,41.4,Failed
MN,2020-11-03,School (referendum/bond),5032,SCHOOL DISTRICT QUESTION 2 (ISD #2687),2687,1950,3129,5079,38.39,Failed
MN,2020-11-03,School (referendum/bond),5031,SCHOOL DISTRICT QUESTION 1 (ISD #2769),2769,2482,1218,3700,67.08,Passed
MN,2020-11-03,School (referendum/bond),5032,SCHOOL DISTRICT QUESTION 2 (ISD #2769),2769,1759,1936,3695,47.6,Failed
MN,2020-11-03,School (referendum/bond),5031,SCHOOL DISTRICT QUESTION 1 (ISD #2860),2860,2311,1905,4216,54.81,Passed
MN,2020-11-03,School (referendum/bond),5031,SCHOOL DISTRICT QUESTION 1 (ISD #2884),2884,1161,704,1865,62.25,Passed
MN,2020-11-03,School (referendum/bond),5032,SCHOOL DISTRICT QUESTION 2 (ISD #2884),2884,975,894,1869,52.17,Passed
MN,2020-11-03,Township,4032,TOWNSHIP QUESTION 2 (Barber Twp),03520,95,52,147,64.63,Passed
MN,2020-11-03,Township,4031,TOWNSHIP QUESTION 1 (Blue Earth City Twp),06706,149,94,243,61.32,Passed
MN,2020-11-03,Township,4031,TOWNSHIP QUESTION 1 (Carpenter Twp),10072,52,34,86,60.47,Passed
MN,2020-11-03,Township,4031,TOWNSHIP QUESTION 1 (Darwin Twp),14860,262,107,369,71.0,Passed
MN,2020-11-03,Township,4031,TOWNSHIP QUESTION 1 (Dovre Twp),16336,998,417,1415,70.53,Passed
MN,2020-11-03,Township,4031,TOWNSHIP QUESTION 1 (Haugen Twp),27602,54,42,96,56.25,Passed
MN,2020-11-03,Township,4031,TOWNSHIP QUESTION 1 (Helga Twp),28340,624,265,889,70.19,Passed
MN,2020-11-03,Township,4031,TOWNSHIP QUESTION 1 (Martin Twp),40796,152,33,185,82.16,Passed
MN,2020-11-03,Township,4032,TOWNSHIP QUESTION 2 (Martin Twp),40796,152,33,185,82.16,Passed
MN,2020-11-03,Township,4031,TOWNSHIP QUESTION 1 (New Market Twp),45754,833,1268,2101,39.65,Failed
MN,2020-11-03,Township,4031,TOWNSHIP QUESTION 1 (Rogers Twp),55168,38,13,51,74.51,Passed
MN,2020-11-03,Township,4031,TOWNSHIP QUESTION 1 (Verona Twp),66946,116,88,204,56.86,Passed
MN,2020-11-03,Township,4031,TOWNSHIP QUESTION 1 (Walden Twp),67684,141,66,207,68.12,Passed
MN,2021-11-02,City,1131,CITY QUESTION 1 (Benson),05212,123,37,160,76.88,Passed
MN,2021-11-02,City,1132,CITY QUESTION 2 (Benson),05212,124,33,157,78.98,Passed
MN,2021-11-02,City,1131,CITY QUESTION 1 (Cottage Grove),13456,4038,4260,8298,48.66,Failed
MN,2021-11-02,City,1131,CITY QUESTION 1 (Lakeville),35180,7346,4681,12027,61.08,Passed
MN,2021-11-02,City,1131,CITY QUESTION 1 (Minneapolis),43000,74037,67228,141265,52.41,Passed
MN,2021-11-02,City,1132,CITY QUESTION 2 (Minneapolis),43000,62813,80506,143319,43.83,Failed
MN,2021-11-02,City,1133,CITY QUESTION 3 (Minneapolis),43000,75598,66468,142066,53.21,Passed
MN,2021-11-02,City,1131,CITY QUESTION 1 (St. Paul),58000,30965,27581,58546,52.89,Passed
MN,2021-11-02,City,1131,CITY QUESTION 1 (St. Peter),58036,1968,295,2263,86.96,Passed
MN,2021-11-02,School (referendum/bond),5031,SCHOOL DISTRICT QUESTION 1 (ISD #1),0001,1595,828,2423,65.83,Passed
MN,2021-11-02,School (referendum/bond),5031,SCHOOL DISTRICT QUESTION 1 (ISD #11),0011,16335,10549,26884,60.76,Passed
MN,2021-11-02,School (referendum/bond),5032,SCHOOL DISTRICT QUESTION 2 (ISD #11),0011,16127,10768,26895,59.96,Passed
MN,2021-11-02,School (referendum/bond),5033,SCHOOL DISTRICT QUESTION 3 (ISD #11),0011,12219,14654,26873,45.47,Failed
MN,2021-11-02,School (referendum/bond),5031,SCHOOL DISTRICT QUESTION 1 (ISD #14),0014,794,835,1629,48.74,Failed
MN,2021-11-02,School (referendum/bond),5031,SCHOOL DISTRICT QUESTION 1 (ISD #31),0031,3432,3749,7181,47.79,Failed
MN,2021-11-02,School (referendum/bond),5031,SCHOOL DISTRICT QUESTION 1 (ISD #75),0075,414,138,552,75.0,Passed
MN,2021-11-02,School (referendum/bond),5032,SCHOOL DISTRICT QUESTION 2 (ISD #75),0075,419,32,451,92.9,Passed
MN,2021-11-02,School (referendum/bond),5031,SCHOOL DISTRICT QUESTION 1 (ISD #88),0088,1143,1231,2374,48.15,Failed
MN,2021-11-02,School (referendum/bond),5032,SCHOOL DISTRICT QUESTION 2 (ISD #88),0088,1069,1309,2378,44.95,Failed
MN,2021-11-02,School (referendum/bond),5031,SCHOOL DISTRICT QUESTION 1 (ISD #108),0108,1043,337,1380,75.58,Passed
MN,2021-11-02,School (referendum/bond),5032,SCHOOL DISTRICT QUESTION 2 (ISD #108),0108,944,432,1376,68.6,Passed
MN,2021-11-02,School (referendum/bond),5031,SCHOOL DISTRICT QUESTION 1 (ISD #112),0112,8337,3737,12074,69.05,Passed
MN,2021-11-02,School (referendum/bond),5031,SCHOOL DISTRICT QUESTION 1 (ISD #194),0194,8147,3684,11831,68.86,Passed
MN,2021-11-02,School (referendum/bond),5031,SCHOOL DISTRICT QUESTION 1 (ISD #197),0197,4388,2089,6477,67.75,Passed
MN,2021-11-02,School (referendum/bond),5031,SCHOOL DISTRICT QUESTION 1 (ISD #241),0241,2324,1224,3548,65.5,Passed
MN,2021-11-02,School (referendum/bond),5031,SCHOOL DISTRICT QUESTION 1 (ISD #264),0264,171,3,174,98.28,Passed
MN,2021-11-02,School (referendum/bond),5032,SCHOOL DISTRICT QUESTION 2 (ISD #264),0264,171,3,174,98.28,Passed
MN,2021-11-02,School (referendum/bond),5031,SCHOOL DISTRICT QUESTION 1 (ISD #299),0299,311,134,445,69.89,Passed
MN,2021-11-02,School (referendum/bond),5031,SCHOOL DISTRICT QUESTION 1 (ISD #345),0345,1516,1273,2789,54.36,Passed
MN,2021-11-02,School (referendum/bond),5032,SCHOOL DISTRICT QUESTION 2 (ISD #345),0345,1151,1633,2784,41.34,Failed
MN,2021-11-02,School (referendum/bond),5031,SCHOOL DISTRICT QUESTION 1 (ISD #378),0378,381,149,530,71.89,Passed
MN,2021-11-02,School (referendum/bond),5031,SCHOOL DISTRICT QUESTION 1 (ISD #403),0403,104,170,274,37.96,Failed
MN,2021-11-02,School (referendum/bond),5031,SCHOOL DISTRICT QUESTION 1 (ISD #447),0447,254,57,311,81.67,Passed
MN,2021-11-02,School (referendum/bond),5032,SCHOOL DISTRICT QUESTION 2 (ISD #447),0447,221,91,312,70.83,Passed
MN,2021-11-02,School (referendum/bond),5033,SCHOOL DISTRICT QUESTION 3 (ISD #447),0447,183,129,312,58.65,Passed
MN,2021-11-02,School (referendum/bond),5031,SCHOOL DISTRICT QUESTION 1 (ISD #477),0477,1037,1814,2851,36.37,Failed
MN,2021-11-02,School (referendum/bond),5032,SCHOOL DISTRICT QUESTION 2 (ISD #477),0477,953,1891,2844,33.51,Failed
MN,2021-11-02,School (referendum/bond),5031,SCHOOL DISTRICT QUESTION 1 (ISD #507),0507,294,166,460,63.91,Passed
MN,2021-11-02,School (referendum/bond),5031,SCHOOL DISTRICT QUESTION 1 (ISD #508),0508,1604,1254,2858,56.12,Passed
MN,2021-11-02,School (referendum/bond),5031,SCHOOL DISTRICT QUESTION 1 (ISD #564),0564,681,1793,2474,27.53,Failed
MN,2021-11-02,School (referendum/bond),5031,SCHOOL DISTRICT QUESTION 1 (ISD #592),0592,38,12,50,76.0,Passed
MN,2021-11-02,School (referendum/bond),5031,SCHOOL DISTRICT QUESTION 1 (ISD #622),0622,4639,3284,7923,58.55,Passed
MN,2021-11-02,School (referendum/bond),5032,SCHOOL DISTRICT QUESTION 2 (ISD #622),0622,3901,4016,7917,49.27,Failed
MN,2021-11-02,School (referendum/bond),5031,SCHOOL DISTRICT QUESTION 1 (ISD #623),0623,7657,2063,9720,78.78,Passed
MN,2021-11-02,School (referendum/bond),5032,SCHOOL DISTRICT QUESTION 2 (ISD #623),0623,6451,3253,9704,66.48,Passed
MN,2021-11-02,School (referendum/bond),5031,SCHOOL DISTRICT QUESTION 1 (ISD #671),0671,210,50,260,80.77,Passed
MN,2021-11-02,School (referendum/bond),5032,SCHOOL DISTRICT QUESTION 2 (ISD #671),0671,180,79,259,69.5,Passed
MN,2021-11-02,School (referendum/bond),5031,SCHOOL DISTRICT QUESTION 1 (ISD #690),0690,264,530,794,33.25,Failed
MN,2021-11-02,School (referendum/bond),5032,SCHOOL DISTRICT QUESTION 2 (ISD #690),0690,250,543,793,31.53,Failed
MN,2021-11-02,School (referendum/bond),5031,SCHOOL DISTRICT QUESTION 1 (ISD #698),0698,292,117,409,71.39,Passed
MN,2021-11-02,School (referendum/bond),5031,SCHOOL DISTRICT QUESTION 1 (ISD #719),0719,3496,3602,7098,49.25,Failed
MN,2021-11-02,School (referendum/bond),5031,SCHOOL DISTRICT QUESTION 1 (ISD #720),0720,5060,2566,7626,66.35,Passed
MN,2021-11-02,School (referendum/bond),5032,SCHOOL DISTRICT QUESTION 2 (ISD #720),0720,4774,2836,7610,62.73,Passed
MN,2021-11-02,School (referendum/bond),5031,SCHOOL DISTRICT QUESTION 1 (ISD #726),0726,1403,763,2166,64.77,Passed
MN,2021-11-02,School (referendum/bond),5032,SCHOOL DISTRICT QUESTION 2 (ISD #726),0726,1199,966,2165,55.38,Passed
MN,2021-11-02,School (referendum/bond),5031,SCHOOL DISTRICT QUESTION 1 (ISD #741),0741,537,629,1166,46.05,Failed
MN,2021-11-02,School (referendum/bond),5031,SCHOOL DISTRICT QUESTION 1 (ISD #803),0803,284,185,469,60.55,Passed
MN,2021-11-02,School (referendum/bond),5031,SCHOOL DISTRICT QUESTION 1 (ISD #832),0832,2427,1279,3706,65.49,Passed
MN,2021-11-02,School (referendum/bond),5031,SCHOOL DISTRICT QUESTION 1 (ISD #833),0833,10943,9843,20786,52.65,Passed
MN,2021-11-02,School (referendum/bond),5032,SCHOOL DISTRICT QUESTION 2 (ISD #833),0833,10347,10418,20765,49.83,Failed
MN,2021-11-02,School (referendum/bond),5031,SCHOOL DISTRICT QUESTION 1 (ISD #834),0834,9775,7542,17317,56.45,Passed
MN,2021-11-02,School (referendum/bond),5032,SCHOOL DISTRICT QUESTION 2 (ISD #834),0834,8921,8391,17312,51.53,Passed
MN,2021-11-02,School (referendum/bond),5031,SCHOOL DISTRICT QUESTION 1 (ISD #846),0846,792,532,1324,59.82,Passed
MN,2021-11-02,School (referendum/bond),5032,SCHOOL DISTRICT QUESTION 2 (ISD #846),0846,462,862,1324,34.89,Failed
MN,2021-11-02,School (referendum/bond),5033,SCHOOL DISTRICT QUESTION 3 (ISD #846),0846,316,1002,1318,23.98,Failed
MN,2021-11-02,School (referendum/bond),5031,SCHOOL DISTRICT QUESTION 1 (ISD #876),0876,1315,1720,3035,43.33,Failed
MN,2021-11-02,School (referendum/bond),5032,SCHOOL DISTRICT QUESTION 2 (ISD #876),0876,1240,1784,3024,41.01,Failed
MN,2021-11-02,School (referendum/bond),5031,SCHOOL DISTRICT QUESTION 1 (ISD #879),0879,1085,1906,2991,36.28,Failed
MN,2021-11-02,School (referendum/bond),5031,SCHOOL DISTRICT QUESTION 1 (ISD #882),0882,1056,1842,2898,36.44,Failed
MN,2021-11-02,School (referendum/bond),5032,SCHOOL DISTRICT QUESTION 2 (ISD #882),0882,980,1914,2894,33.86,Failed
MN,2021-11-02,School (referendum/bond),5033,SCHOOL DISTRICT QUESTION 3 (ISD #882),0882,956,1944,2900,32.97,Failed
MN,2021-11-02,School (referendum/bond),5031,SCHOOL DISTRICT QUESTION 1 (ISD #885),0885,2533,3458,5991,42.28,Failed
MN,2021-11-02,School (referendum/bond),5031,SCHOOL DISTRICT QUESTION 1 (ISD #911),0911,2900,1704,4604,62.99,Passed
MN,2021-11-02,School (referendum/bond),5032,SCHOOL DISTRICT QUESTION 2 (ISD #911),0911,2850,1742,4592,62.06,Passed
MN,2021-11-02,School (referendum/bond),5031,SCHOOL DISTRICT QUESTION 1 (ISD #2172),2172,995,549,1544,64.44,Passed
MN,2021-11-02,School (referendum/bond),5031,SCHOOL DISTRICT QUESTION 1 (ISD #2342),2342,846,1279,2125,39.81,Failed
MN,2021-11-02,School (referendum/bond),5032,SCHOOL DISTRICT QUESTION 2 (ISD #2342),2342,981,1142,2123,46.21,Failed
MN,2021-11-02,School (referendum/bond),5033,SCHOOL DISTRICT QUESTION 3 (ISD #2342),2342,804,1318,2122,37.89,Failed
MN,2021-11-02,School (referendum/bond),5031,SCHOOL DISTRICT QUESTION 1 (ISD #2683),2683,948,350,1298,73.04,Passed
MN,2021-11-02,School (referendum/bond),5032,SCHOOL DISTRICT QUESTION 2 (ISD #2683),2683,904,397,1301,69.49,Passed
MN,2021-11-02,School (referendum/bond),5031,SCHOOL DISTRICT QUESTION 1 (ISD #2753),2753,277,248,525,52.76,Passed
MN,2021-11-02,School (referendum/bond),5031,SCHOOL DISTRICT QUESTION 1 (ISD #2884),2884,786,582,1368,57.46,Passed
MN,2021-11-02,School (referendum/bond),5031,SCHOOL DISTRICT QUESTION 1 (ISD #2889),2889,546,316,862,63.34,Passed
MN,2021-11-02,School (referendum/bond),5032,SCHOOL DISTRICT QUESTION 2 (ISD #2889),2889,539,342,881,61.18,Passed
MN,2021-11-02,School (referendum/bond),5031,SCHOOL DISTRICT QUESTION 1 (ISD #2890),2890,294,351,645,45.58,Failed
MN,2021-11-02,School (referendum/bond),5032,SCHOOL DISTRICT QUESTION 2 (ISD #2890),2890,241,403,644,37.42,Failed
MN,2021-11-02,School (referendum/bond),5031,SCHOOL DISTRICT QUESTION 1 (ISD #2897),2897,668,179,847,78.87,Passed
MN,2021-11-02,School (referendum/bond),5032,SCHOOL DISTRICT QUESTION 2 (ISD #2897),2897,553,295,848,65.21,Passed
MN,2021-11-02,School (referendum/bond),5031,SCHOOL DISTRICT QUESTION 1 (ISD #2908),2908,659,356,1015,64.93,Passed
MN,2022-11-08,City,1131,CITY QUESTION 1 (Barnesville),03574,827,70,897,92.2,Passed
MN,2022-11-08,City,1131,CITY QUESTION 1 (Baudette),04024,289,88,377,76.66,Passed
MN,2022-11-08,City,1132,CITY QUESTION 2 (Baudette),04024,292,76,368,79.35,Passed
MN,2022-11-08,City,1131,CITY QUESTION 1 (Brooklyn Center),07948,4809,2913,7722,62.28,Passed
MN,2022-11-08,City,1132,CITY QUESTION 2 (Brooklyn Center),07948,3735,3699,7434,50.24,Passed
MN,2022-11-08,City,1133,CITY QUESTION 3 (Brooklyn Center),07948,5007,2315,7322,68.38,Passed
MN,2022-11-08,City,1131,CITY QUESTION 1 (Cloquet),12160,2806,1883,4689,59.84,Passed
MN,2022-11-08,City,1132,CITY QUESTION 2 (Cloquet),12160,2368,2317,4685,50.54,Passed
MN,2022-11-08,City,1131,CITY QUESTION 1 (Duluth),17000,18060,18262,36322,49.72,Failed
MN,2022-11-08,City,1131,CITY QUESTION 1 (Edina),18188,16646,11435,28081,59.28,Passed
MN,2022-11-08,City,1132,CITY QUESTION 2 (Edina),18188,14605,13224,27829,52.48,Passed
MN,2022-11-08,City,1131,CITY QUESTION 1 (Fairmont),20330,1649,2053,3702,44.54,Failed
MN,2022-11-08,City,1132,CITY QUESTION 2 (Fairmont),20330,1164,2456,3620,32.15,Failed
MN,2022-11-08,City,1133,CITY QUESTION 3 (Fairmont),20330,1428,2229,3657,39.05,Failed
MN,2022-11-08,City,1134,CITY QUESTION 4 (Fairmont),20330,1829,1851,3680,49.7,Failed
MN,2022-11-08,City,1135,CITY QUESTION 5 (Fairmont),20330,1742,1880,3622,48.09,Failed
MN,2022-11-08,City,1136,CITY QUESTION 6 (Fairmont),20330,2208,1465,3673,60.11,Passed
MN,2022-11-08,City,1137,CITY QUESTION 7 (Fairmont),20330,2525,1163,3688,68.47,Passed
MN,2022-11-08,City,1138,CITY QUESTION 8 (Fairmont),20330,2050,1605,3655,56.09,Passed
MN,2022-11-08,City,1139,CITY QUESTION 9 (Fairmont),20330,1610,2003,3613,44.56,Failed
MN,2022-11-08,City,1140,CITY QUESTION 10 (Fairmont),20330,1714,1895,3609,47.49,Failed
MN,2022-11-08,City,1131,CITY QUESTION 1 (Fergus Falls),20906,3375,2280,5655,59.68,Passed
MN,2022-11-08,City,1132,CITY QUESTION 2 (Fergus Falls),20906,3361,2234,5595,60.07,Passed
MN,2022-11-08,City,1131,CITY QUESTION 1 (Graceville),24758,179,87,266,67.29,Passed
MN,2022-11-08,City,1131,CITY QUESTION 1 (Grand Rapids),25118,2457,1746,4203,58.46,Passed
MN,2022-11-08,City,1131,CITY QUESTION 1 (Hermantown),28682,2747,2098,4845,56.7,Passed
MN,2022-11-08,City,1132,CITY QUESTION 2 (Hermantown),28682,3366,1499,4865,69.19,Passed
MN,2022-11-08,City,1133,CITY QUESTION 3 (Hermantown),28682,3176,1558,4734,67.09,Passed
MN,2022-11-08,City,1131,CITY QUESTION 1 (Kasson),32498,1977,824,2801,70.58,Passed
MN,2022-11-08,City,1131,CITY QUESTION 1 (Kelliher),32606,84,22,106,79.25,Passed
MN,2022-11-08,City,1131,CITY QUESTION 1 (Kinney),33416,39,16,55,70.91,Passed
MN,2022-11-08,City,1131,CITY QUESTION 1 (Leonidas),36530,10,2,12,83.33,Passed
MN,2022-11-08,City,1131,CITY QUESTION 1 (Litchfield),37448,1431,1139,2570,55.68,Passed
MN,2022-11-08,City,1131,CITY QUESTION 1 (Maple Grove),40166,18739,15060,33799,55.44,Passed
MN,2022-11-08,City,1131,CITY QUESTION 1 (Moorhead),43864,8782,4861,13643,64.37,Passed
MN,2022-11-08,City,1131,CITY QUESTION 1 (Oakdale),47680,5766,5425,11191,51.52,Passed
MN,2022-11-08,City,1132,CITY QUESTION 2 (Oakdale),47680,6213,4992,11205,55.45,Passed
MN,2022-11-08,City,1131,CITY QUESTION 1 (Russell),56428,112,44,156,71.79,Passed
MN,2022-11-08,City,1131,CITY QUESTION 1 (St. Cloud),56896,10320,11491,21811,47.32,Failed
MN,2022-11-08,City,1132,CITY QUESTION 2 (St. Cloud),56896,14164,7680,21844,64.84,Passed
MN,2022-11-08,City,1131,CITY QUESTION 1 (Spring Grove),61852,222,274,496,44.76,Failed
MN,2022-11-08,City,1131,CITY QUESTION 1 (Staples),62446,658,392,1050,62.67,Passed
MN,2022-11-08,City,1131,CITY QUESTION 1 (Trimont),65470,239,68,307,77.85,Passed
MN,2022-11-08,City,1131,CITY QUESTION 1 (Wadena),67504,632,796,1428,44.26,Failed
MN,2022-11-08,City,1131,CITY QUESTION 1 (Waite Park),67612,1194,1034,2228,53.59,Passed
MN,2022-11-08,City,1132,CITY QUESTION 2 (Waite Park),67612,1094,1128,2222,49.23,Failed
MN,2022-11-08,City,1131,CITY QUESTION 1 (Warren),68170,333,318,651,51.15,Passed
MN,2022-11-08,School (referendum/bond),5031,SCHOOL DISTRICT QUESTION 1 (SSD #6),0006,3798,3773,7571,50.17,Passed
MN,2022-11-08,School (referendum/bond),5032,SCHOOL DISTRICT QUESTION 2 (SSD #6),0006,3754,3560,7314,51.33,Passed
MN,2022-11-08,School (referendum/bond),5031,SCHOOL DISTRICT QUESTION 1 (ISD #88),0088,4974,3366,8340,59.64,Passed
MN,2022-11-08,School (referendum/bond),5031,SCHOOL DISTRICT QUESTION 1 (ISD #97),0097,639,1329,1968,32.47,Failed
MN,2022-11-08,School (referendum/bond),5031,SCHOOL DISTRICT QUESTION 1 (ISD #115),0115,631,599,1230,51.3,Passed
MN,2022-11-08,School (referendum/bond),5031,SCHOOL DISTRICT QUESTION 1 (ISD #150),0150,1022,1014,2036,50.2,Passed
MN,2022-11-08,School (referendum/bond),5032,SCHOOL DISTRICT QUESTION 2 (ISD #150),0150,895,1133,2028,44.13,Failed
MN,2022-11-08,School (referendum/bond),5031,SCHOOL DISTRICT QUESTION 1 (ISD #166),0166,2071,764,2835,73.05,Passed
MN,2022-11-08,School (referendum/bond),5031,SCHOOL DISTRICT QUESTION 1 (ISD #242),0242,457,257,714,64.01,Passed
MN,2022-11-08,School (referendum/bond),5032,SCHOOL DISTRICT QUESTION 2 (ISD #242),0242,340,365,705,48.23,Failed
MN,2022-11-08,School (referendum/bond),5031,SCHOOL DISTRICT QUESTION 1 (ISD #256),0256,4936,3847,8783,56.2,Passed
MN,2022-11-08,School (referendum/bond),5031,SCHOOL DISTRICT QUESTION 1 (ISD #271),0271,28853,10501,39354,73.32,Passed
MN,2022-11-08,School (referendum/bond),5031,SCHOOL DISTRICT QUESTION 1 (ISD #272),0272,16922,9813,26735,63.3,Passed
MN,2022-11-08,School (referendum/bond),5032,SCHOOL DISTRICT QUESTION 2 (ISD #272),0272,17950,8555,26505,67.72,Passed
MN,2022-11-08,School (referendum/bond),5031,SCHOOL DISTRICT QUESTION 1 (ISD #278),0278,4732,2297,7029,67.32,Passed
MN,2022-11-08,School (referendum/bond),5031,SCHOOL DISTRICT QUESTION 1 (ISD #279),0279,31792,26624,58416,54.42,Passed
MN,2022-11-08,School (referendum/bond),5032,SCHOOL DISTRICT QUESTION 2 (ISD #279),0279,27894,27665,55559,50.21,Passed
MN,2022-11-08,School (referendum/bond),5031,SCHOOL DISTRICT QUESTION 1 (ISD #333),0333,793,777,1570,50.51,Passed
MN,2022-11-08,School (referendum/bond),5032,SCHOOL DISTRICT QUESTION 2 (ISD #333),0333,807,756,1563,51.63,Passed
MN,2022-11-08,School (referendum/bond),5033,SCHOOL DISTRICT QUESTION 3 (ISD #333),0333,772,754,1526,50.59,Passed
MN,2022-11-08,School (referendum/bond),5031,SCHOOL DISTRICT QUESTION 1 (ISD #402),0402,280,121,401,69.83,Passed
MN,2022-11-08,School (referendum/bond),5031,SCHOOL DISTRICT QUESTION 1 (ISD #403),0403,340,238,578,58.82,Passed
MN,2022-11-08,School (referendum/bond),5031,SCHOOL DISTRICT QUESTION 1 (ISD #413),0413,2186,2808,4994,43.77,Failed
MN,2022-11-08,School (referendum/bond),5031,SCHOOL DISTRICT QUESTION 1 (ISD #423),0423,4421,3671,8092,54.63,Passed
MN,2022-11-08,School (referendum/bond),5032,SCHOOL DISTRICT QUESTION 2 (ISD #423),0423,3233,4616,7849,41.19,Failed
MN,2022-11-08,School (referendum/bond),5031,SCHOOL DISTRICT QUESTION 1 (ISD #463),0463,819,1216,2035,40.25,Failed
MN,2022-11-08,School (referendum/bond),5031,SCHOOL DISTRICT QUESTION 1 (ISD #465),0465,2404,2578,4982,48.25,Failed
MN,2022-11-08,School (referendum/bond),5031,SCHOOL DISTRICT QUESTION 1 (ISD #492),0492,4512,3831,8343,54.08,Passed
MN,2022-11-08,School (referendum/bond),5031,SCHOOL DISTRICT QUESTION 1 (ISD #545),0545,833,859,1692,49.23,Failed
MN,2022-11-08,School (referendum/bond),5032,SCHOOL DISTRICT QUESTION 2 (ISD #545),0545,785,876,1661,47.26,Failed
MN,2022-11-08,School (referendum/bond),5031,SCHOOL DISTRICT QUESTION 1 (ISD #547),0547,824,398,1222,67.43,Passed
MN,2022-11-08,School (referendum/bond),5031,SCHOOL DISTRICT QUESTION 1 (ISD #599),0599,801,234,1035,77.39,Passed
MN,2022-11-08,School (referendum/bond),5031,SCHOOL DISTRICT QUESTION 1 (ISD #600),0600,233,132,365,63.84,Passed
MN,2022-11-08,School (referendum/bond),5032,SCHOOL DISTRICT QUESTION 2 (ISD #600),0600,208,126,334,62.28,Passed
MN,2022-11-08,School (referendum/bond),5031,SCHOOL DISTRICT QUESTION 1 (ISD #622),0622,14467,16518,30985,46.69,Failed
MN,2022-11-08,School (referendum/bond),5031,SCHOOL DISTRICT QUESTION 1 (ISD #624),0624,17231,11707,28938,59.54,Passed
MN,2022-11-08,School (referendum/bond),5031,SCHOOL DISTRICT QUESTION 1 (ISD #640),0640,802,318,1120,71.61,Passed
MN,2022-11-08,School (referendum/bond),5032,SCHOOL DISTRICT QUESTION 2 (ISD #640),0640,543,565,1108,49.01,Failed
MN,2022-11-08,School (referendum/bond),5031,SCHOOL DISTRICT QUESTION 1 (ISD #656),0656,5559,4813,10372,53.6,Passed
MN,2022-11-08,School (referendum/bond),5032,SCHOOL DISTRICT QUESTION 2 (ISD #656),0656,4145,6199,10344,40.07,Failed
MN,2022-11-08,School (referendum/bond),5033,SCHOOL DISTRICT QUESTION 3 (ISD #656),0656,4118,6252,10370,39.71,Failed
MN,2022-11-08,School (referendum/bond),5031,SCHOOL DISTRICT QUESTION 1 (ISD #659),0659,9050,4103,13153,68.81,Passed
MN,2022-11-08,School (referendum/bond),5032,SCHOOL DISTRICT QUESTION 2 (ISD #659),0659,7610,5435,13045,58.34,Passed
MN,2022-11-08,School (referendum/bond),5031,SCHOOL DISTRICT QUESTION 1 (ISD #690),0690,1174,1107,2281,51.47,Passed
MN,2022-11-08,School (referendum/bond),5031,SCHOOL DISTRICT QUESTION 1 (ISD #695),0695,1585,667,2252,70.38,Passed
MN,2022-11-08,School (referendum/bond),5032,SCHOOL DISTRICT QUESTION 2 (ISD #695),0695,1218,1033,2251,54.11,Passed
MN,2022-11-08,School (referendum/bond),5031,SCHOOL DISTRICT QUESTION 1 (ISD #721),0721,3775,5746,9521,39.65,Failed
MN,2022-11-08,School (referendum/bond),5032,SCHOOL DISTRICT QUESTION 2 (ISD #721),0721,3678,5443,9121,40.32,Failed
MN,2022-11-08,School (referendum/bond),5031,SCHOOL DISTRICT QUESTION 1 (ISD #741),0741,1459,1402,2861,51.0,Passed
MN,2022-11-08,School (referendum/bond),5032,SCHOOL DISTRICT QUESTION 2 (ISD #741),0741,1191,1655,2846,41.85,Failed
MN,2022-11-08,School (referendum/bond),5031,SCHOOL DISTRICT QUESTION 1 (ISD #768),0768,374,145,519,72.06,Passed
MN,2022-11-08,School (referendum/bond),5031,SCHOOL DISTRICT QUESTION 1 (ISD #771),0771,344,210,554,62.09,Passed
MN,2022-11-08,School (referendum/bond),5031,SCHOOL DISTRICT QUESTION 1 (ISD #836),0836,256,159,415,61.69,Passed
MN,2022-11-08,School (referendum/bond),5031,SCHOOL DISTRICT QUESTION 1 (ISD #879),0879,3576,3059,6635,53.9,Passed
MN,2022-11-08,School (referendum/bond),5032,SCHOOL DISTRICT QUESTION 2 (ISD #879),0879,3111,3360,6471,48.08,Failed
MN,2022-11-08,School (referendum/bond),5031,SCHOOL DISTRICT QUESTION 1 (ISD #885),0885,5304,6563,11867,44.7,Failed
MN,2022-11-08,School (referendum/bond),5032,SCHOOL DISTRICT QUESTION 2 (ISD #885),0885,5015,6489,11504,43.59,Failed
MN,2022-11-08,School (referendum/bond),5031,SCHOOL DISTRICT QUESTION 1 (ISD #891),0891,907,549,1456,62.29,Passed
MN,2022-11-08,School (referendum/bond),5031,SCHOOL DISTRICT QUESTION 1 (ISD #2071),2071,1636,977,2613,62.61,Passed
MN,2022-11-08,School (referendum/bond),5032,SCHOOL DISTRICT QUESTION 2 (ISD #2071),2071,1675,939,2614,64.08,Passed
MN,2022-11-08,School (referendum/bond),5031,SCHOOL DISTRICT QUESTION 1 (ISD #2135),2135,1207,1023,2230,54.13,Passed
MN,2022-11-08,School (referendum/bond),5031,SCHOOL DISTRICT QUESTION 1 (ISD #2137),2137,1720,508,2228,77.2,Passed
MN,2022-11-08,School (referendum/bond),5031,SCHOOL DISTRICT QUESTION 1 (ISD #2144),2144,3048,7387,10435,29.21,Failed
MN,2022-11-08,School (referendum/bond),5032,SCHOOL DISTRICT QUESTION 2 (ISD #2144),2144,3583,6786,10369,34.55,Failed
MN,2022-11-08,School (referendum/bond),5031,SCHOOL DISTRICT QUESTION 1 (ISD #2159),2159,728,974,1702,42.77,Failed
MN,2022-11-08,School (referendum/bond),5031,SCHOOL DISTRICT QUESTION 1 (ISD #2170),2170,1811,2351,4162,43.51,Failed
MN,2022-11-08,School (referendum/bond),5031,SCHOOL DISTRICT QUESTION 1 (ISD #2176),2176,866,624,1490,58.12,Passed
MN,2022-11-08,School (referendum/bond),5031,SCHOOL DISTRICT QUESTION 1 (ISD #2536),2536,411,437,848,48.47,Failed
MN,2022-11-08,School (referendum/bond),5032,SCHOOL DISTRICT QUESTION 2 (ISD #2536),2536,410,364,774,52.97,Passed
MN,2022-11-08,School (referendum/bond),5031,SCHOOL DISTRICT QUESTION 1 (ISD #2687),2687,2054,2448,4502,45.62,Failed
MN,2022-11-08,School (referendum/bond),5032,SCHOOL DISTRICT QUESTION 2 (ISD #2687),2687,1964,2552,4516,43.49,Failed
MN,2022-11-08,Township,4031,TOWNSHIP QUESTION 1 (Adrian Twp),00280,58,19,77,75.32,Passed
MN,2022-11-08,Township,4031,TOWNSHIP QUESTION 1 (Badoura Twp),03178,33,23,56,58.93,Passed
MN,2022-11-08,Township,4032,TOWNSHIP QUESTION 2 (Badoura Twp),03178,32,23,55,58.18,Passed
MN,2022-11-08,Township,4031,TOWNSHIP QUESTION 1 (Bergen Twp),05338,241,158,399,60.4,Passed
MN,2022-11-08,Township,4031,TOWNSHIP QUESTION 1 (Big Bend Twp),05608,96,23,119,80.67,Passed
MN,2022-11-08,Township,4032,TOWNSHIP QUESTION 2 (Big Bend Twp),05608,93,24,117,79.49,Passed
MN,2022-11-08,Township,4031,TOWNSHIP QUESTION 1 (Bradbury Twp),07210,62,8,70,88.57,Passed
MN,2022-11-08,Township,4031,TOWNSHIP QUESTION 1 (Carlos Twp),09982,838,456,1294,64.76,Passed
MN,2022-11-08,Township,4031,TOWNSHIP QUESTION 1 (Carlston Twp),10000,137,7,144,95.14,Passed
MN,2022-11-08,Township,4031,TOWNSHIP QUESTION 1 (Cherry Grove Twp),11188,147,27,174,84.48,Passed
MN,2022-11-08,Township,4031,TOWNSHIP QUESTION 1 (Haven Twp),27674,549,343,892,61.55,Passed
MN,2022-11-08,Township,4032,TOWNSHIP QUESTION 2 (Haven Twp),27674,634,249,883,71.8,Passed
MN,2022-11-08,Township,4031,TOWNSHIP QUESTION 1 (Hayward Twp),27962,139,41,180,77.22,Passed
MN,2022-11-08,Township,4032,TOWNSHIP QUESTION 2 (Hayward Twp),27962,148,38,186,79.57,Passed
MN,2022-11-08,Township,4031,TOWNSHIP QUESTION 1 (Hiram Twp),29366,168,49,217,77.42,Passed
MN,2022-11-08,Township,4032,TOWNSHIP QUESTION 2 (Hiram Twp),29366,164,50,214,76.64,Passed
MN,2022-11-08,Township,4031,TOWNSHIP QUESTION 1 (Jackson Twp),31580,259,114,373,69.44,Passed
MN,2022-11-08,Township,4031,TOWNSHIP QUESTION 1 (Jessenland Twp),31922,142,80,222,63.96,Passed
MN,2022-11-08,Township,4031,TOWNSHIP QUESTION 1 (Kiester Twp),33074,58,53,111,52.25,Passed
MN,2022-11-08,Township,4031,TOWNSHIP QUESTION 1 (Lima Twp),37034,34,11,45,75.56,Passed
MN,2022-11-08,Township,4031,TOWNSHIP QUESTION 1 (Little Elbow Twp),37530,62,24,86,72.09,Passed
MN,2022-11-08,Township,4031,TOWNSHIP QUESTION 1 (Macville Twp),39212,50,21,71,70.42,Passed
MN,2022-11-08,Township,4031,TOWNSHIP QUESTION 1 (May Twp),41102,248,108,356,69.66,Passed
MN,2022-11-08,Township,4032,TOWNSHIP QUESTION 2 (May Twp),41102,237,116,353,67.14,Passed
MN,2022-11-08,Township,4031,TOWNSHIP QUESTION 1 (Pike Bay Twp),50848,248,119,367,67.57,Passed
MN,2022-11-08,Township,4031,TOWNSHIP QUESTION 1 (Riverside Twp),54646,132,35,167,79.04,Passed
MN,2022-11-08,Township,4031,TOWNSHIP QUESTION 1 (Salem Twp),58216,44,4,48,91.67,Passed
MN,2022-11-08,Township,4031,TOWNSHIP QUESTION 1 (Sharon Twp),59386,105,213,318,33.02,Failed
MN,2022-11-08,Township,4031,TOWNSHIP QUESTION 1 (Thorpe Twp),64804,9,13,22,40.91,Failed
MN,2022-11-08,Township,4031,TOWNSHIP QUESTION 1 (Workman Twp),71716,61,45,106,57.55,Passed
MN,2023-11-07,City,1131,CITY QUESTION 1 (Apple Valley),01900,5812,2925,8737,66.52,Passed
MN,2023-11-07,City,1132,CITY QUESTION 2 (Apple Valley),01900,5231,3470,8701,60.12,Passed
MN,2023-11-07,City,1131,CITY QUESTION 1 (Bloomington),06616,11575,9030,20605,56.18,Passed
MN,2023-11-07,City,1132,CITY QUESTION 2 (Bloomington),06616,10920,9665,20585,53.05,Passed
MN,2023-11-07,City,1133,CITY QUESTION 3 (Bloomington),06616,10757,9812,20569,52.3,Passed
MN,2023-11-07,City,1131,CITY QUESTION 1 (Edina),18188,3903,2001,5904,66.11,Passed
MN,2023-11-07,City,1131,CITY QUESTION 1 (Golden Valley),24308,3053,2675,5728,53.3,Passed
MN,2023-11-07,City,1132,CITY QUESTION 2 (Golden Valley),24308,2936,2763,5699,51.52,Passed
MN,2023-11-07,City,1133,CITY QUESTION 3 (Golden Valley),24308,3081,2635,5716,53.9,Passed
MN,2023-11-07,City,1131,CITY QUESTION 1 (Marshall),40688,1455,735,2190,66.44,Passed
MN,2023-11-07,City,1131,CITY QUESTION 1 (Minnetonka),43252,5167,7332,12499,41.34,Failed
MN,2023-11-07,City,1131,CITY QUESTION 1 (Mounds View),44530,823,1494,2317,35.52,Failed
MN,2023-11-07,City,1131,CITY QUESTION 1 (North Branch),46798,575,318,893,64.39,Passed
MN,2023-11-07,City,1132,CITY QUESTION 2 (North Branch),46798,607,288,895,67.82,Passed
MN,2023-11-07,City,1131,CITY QUESTION 1 (Rochester),54880,10567,9146,19713,53.6,Passed
MN,2023-11-07,City,1131,CITY QUESTION 1 (St. Paul),58000,28913,19124,48037,60.19,Passed
MN,2023-11-07,School (referendum/bond),5031,SCHOOL DISTRICT QUESTION 1 (ISD #13),0013,1662,955,2617,63.51,Passed
MN,2023-11-07,School (referendum/bond),5032,SCHOOL DISTRICT QUESTION 2 (ISD #13),0013,1907,706,2613,72.98,Passed
MN,2023-11-07,School (referendum/bond),5031,SCHOOL DISTRICT QUESTION 1 (ISD #15),0015,1506,2414,3920,38.42,Failed
MN,2023-11-07,School (referendum/bond),5032,SCHOOL DISTRICT QUESTION 2 (ISD #15),0015,1456,2458,3914,37.2,Failed
MN,2023-11-07,School (referendum/bond),5031,SCHOOL DISTRICT QUESTION 1 (ISD #77),0077,5520,5005,10525,52.45,Passed
MN,2023-11-07,School (referendum/bond),5032,SCHOOL DISTRICT QUESTION 2 (ISD #77),0077,4870,5576,10446,46.62,Failed
MN,2023-11-07,School (referendum/bond),5031,SCHOOL DISTRICT QUESTION 1 (ISD #129),0129,1021,1097,2118,48.21,Failed
MN,2023-11-07,School (referendum/bond),5032,SCHOOL DISTRICT QUESTION 2 (ISD #129),0129,1018,1098,2116,48.11,Failed
MN,2023-11-07,School (referendum/bond),5031,SCHOOL DISTRICT QUESTION 1 (ISD #173),0173,224,281,505,44.36,Failed
MN,2023-11-07,School (referendum/bond),5031,SCHOOL DISTRICT QUESTION 1 (ISD #182),0182,920,955,1875,49.07,Failed
MN,2023-11-07,School (referendum/bond),5031,SCHOOL DISTRICT QUESTION 1 (ISD #186),0186,925,1070,1995,46.37,Failed
MN,2023-11-07,School (referendum/bond),5032,SCHOOL DISTRICT QUESTION 2 (ISD #186),0186,805,1183,1988,40.49,Failed
MN,2023-11-07,School (referendum/bond),5031,SCHOOL DISTRICT QUESTION 1 (ISD #192),0192,1828,2056,3884,47.06,Failed
MN,2023-11-07,School (referendum/bond),5031,SCHOOL DISTRICT QUESTION 1 (ISD #194),0194,5398,4312,9710,55.59,Passed
MN,2023-11-07,School (referendum/bond),5032,SCHOOL DISTRICT QUESTION 2 (ISD #194),0194,4782,4924,9706,49.27,Failed
MN,2023-11-07,School (referendum/bond),5031,SCHOOL DISTRICT QUESTION 1 (ISD #197),0197,3771,2514,6285,60.0,Passed
MN,2023-11-07,School (referendum/bond),5032,SCHOOL DISTRICT QUESTION 2 (ISD #197),0197,4198,2090,6288,66.76,Passed
MN,2023-11-07,School (referendum/bond),5031,SCHOOL DISTRICT QUESTION 1 (ISD #199),0199,1650,1878,3528,46.77,Failed
MN,2023-11-07,School (referendum/bond),5032,SCHOOL DISTRICT QUESTION 2 (ISD #199),0199,1618,1901,3519,45.98,Failed
MN,2023-11-07,School (referendum/bond),5031,SCHOOL DISTRICT QUESTION 1 (ISD #200),0200,3535,3089,6624,53.37,Passed
MN,2023-11-07,School (referendum/bond),5031,SCHOOL DISTRICT QUESTION 1 (ISD #213),0213,528,751,1279,41.28,Failed
MN,2023-11-07,School (referendum/bond),5032,SCHOOL DISTRICT QUESTION 2 (ISD #213),0213,434,839,1273,34.09,Failed
MN,2023-11-07,School (referendum/bond),5031,SCHOOL DISTRICT QUESTION 1 (ISD #242),0242,276,187,463,59.61,Passed
MN,2023-11-07,School (referendum/bond),5031,SCHOOL DISTRICT QUESTION 1 (ISD #276),0276,6237,3577,9814,63.55,Passed
MN,2023-11-07,School (referendum/bond),5031,SCHOOL DISTRICT QUESTION 1 (ISD #277),0277,3237,1881,5118,63.25,Passed
MN,2023-11-07,School (referendum/bond),5032,SCHOOL DISTRICT QUESTION 2 (ISD #277),0277,2621,2511,5132,51.07,Passed
MN,2023-11-07,School (referendum/bond),5031,SCHOOL DISTRICT QUESTION 1 (ISD #279),0279,7415,4669,12084,61.36,Passed
MN,2023-11-07,School (referendum/bond),5031,SCHOOL DISTRICT QUESTION 1 (ISD #280),0280,3456,794,4250,81.32,Passed
MN,2023-11-07,School (referendum/bond),5032,SCHOOL DISTRICT QUESTION 2 (ISD #280),0280,3091,1174,4265,72.47,Passed
MN,2023-11-07,School (referendum/bond),5031,SCHOOL DISTRICT QUESTION 1 (ISD #282),0282,1965,1000,2965,66.27,Passed
MN,2023-11-07,School (referendum/bond),5032,SCHOOL DISTRICT QUESTION 2 (ISD #282),0282,2116,861,2977,71.08,Passed
MN,2023-11-07,School (referendum/bond),5031,SCHOOL DISTRICT QUESTION 1 (ISD #284),0284,6723,1793,8516,78.95,Passed
MN,2023-11-07,School (referendum/bond),5031,SCHOOL DISTRICT QUESTION 1 (ISD #286),0286,161,190,351,45.87,Failed
MN,2023-11-07,School (referendum/bond),5031,SCHOOL DISTRICT QUESTION 1 (ISD #297),0297,374,257,631,59.27,Passed
MN,2023-11-07,School (referendum/bond),5032,SCHOOL DISTRICT QUESTION 2 (ISD #297),0297,282,339,621,45.41,Failed
MN,2023-11-07,School (referendum/bond),5031,SCHOOL DISTRICT QUESTION 1 (ISD #317),0317,247,731,978,25.26,Failed
MN,2023-11-07,School (referendum/bond),5031,SCHOOL DISTRICT QUESTION 1 (ISD #318),0318,1938,5804,7742,25.03,Failed
MN,2023-11-07,School (referendum/bond),5032,SCHOOL DISTRICT QUESTION 2 (ISD #318),0318,1736,5970,7706,22.53,Failed
MN,2023-11-07,School (referendum/bond),5033,SCHOOL DISTRICT QUESTION 3 (ISD #318),0318,1658,6044,7702,21.53,Failed
MN,2023-11-07,School (referendum/bond),5031,SCHOOL DISTRICT QUESTION 1 (ISD #347),0347,1701,1429,3130,54.35,Passed
MN,2023-11-07,School (referendum/bond),5032,SCHOOL DISTRICT QUESTION 2 (ISD #347),0347,1587,1528,3115,50.95,Passed
MN,2023-11-07,School (referendum/bond),5031,SCHOOL DISTRICT QUESTION 1 (ISD #463),0463,729,365,1094,66.64,Passed
MN,2023-11-07,School (referendum/bond),5031,SCHOOL DISTRICT QUESTION 1 (ISD #495),0495,279,125,404,69.06,Passed
MN,2023-11-07,School (referendum/bond),5032,SCHOOL DISTRICT QUESTION 2 (ISD #495),0495,165,238,403,40.94,Failed
MN,2023-11-07,School (referendum/bond),5031,SCHOOL DISTRICT QUESTION 1 (ISD #511),0511,179,83,262,68.32,Passed
MN,2023-11-07,School (referendum/bond),5032,SCHOOL DISTRICT QUESTION 2 (ISD #511),0511,178,84,262,67.94,Passed
MN,2023-11-07,School (referendum/bond),5031,SCHOOL DISTRICT QUESTION 1 (ISD #534),0534,599,1685,2284,26.23,Failed
MN,2023-11-07,School (referendum/bond),5032,SCHOOL DISTRICT QUESTION 2 (ISD #534),0534,482,1538,2020,23.86,Failed
MN,2023-11-07,School (referendum/bond),5031,SCHOOL DISTRICT QUESTION 1 (ISD #535),0535,10930,11248,22178,49.28,Failed
MN,2023-11-07,School (referendum/bond),5031,SCHOOL DISTRICT QUESTION 1 (ISD #542),0542,720,567,1287,55.94,Passed
MN,2023-11-07,School (referendum/bond),5031,SCHOOL DISTRICT QUESTION 1 (ISD #561),0561,230,179,409,56.23,Passed
MN,2023-11-07,School (referendum/bond),5031,SCHOOL DISTRICT QUESTION 1 (ISD #564),0564,1150,1307,2457,46.81,Failed
MN,2023-11-07,School (referendum/bond),5032,SCHOOL DISTRICT QUESTION 2 (ISD #564),0564,965,1478,2443,39.5,Failed
MN,2023-11-07,School (referendum/bond),5033,SCHOOL DISTRICT QUESTION 3 (ISD #564),0564,958,1488,2446,39.17,Failed
MN,2023-11-07,School (referendum/bond),5031,SCHOOL DISTRICT QUESTION 1 (ISD #600),0600,97,154,251,38.65,Failed
MN,2023-11-07,School (referendum/bond),5031,SCHOOL DISTRICT QUESTION 1 (ISD #709),0709,15879,13219,29098,54.57,Passed
MN,2023-11-07,School (referendum/bond),5032,SCHOOL DISTRICT QUESTION 2 (ISD #709),0709,14443,14734,29177,49.5,Failed
MN,2023-11-07,School (referendum/bond),5031,SCHOOL DISTRICT QUESTION 1 (ISD #721),0721,2435,2471,4906,49.63,Failed
MN,2023-11-07,School (referendum/bond),5031,SCHOOL DISTRICT QUESTION 1 (ISD #763),0763,257,366,623,41.25,Failed
MN,2023-11-07,School (referendum/bond),5032,SCHOOL DISTRICT QUESTION 2 (ISD #763),0763,232,384,616,37.66,Failed
MN,2023-11-07,School (referendum/bond),5031,SCHOOL DISTRICT QUESTION 1 (ISD #775),0775,449,384,833,53.9,Passed
MN,2023-11-07,School (referendum/bond),5032,SCHOOL DISTRICT QUESTION 2 (ISD #775),0775,293,537,830,35.3,Failed
MN,2023-11-07,School (referendum/bond),5031,SCHOOL DISTRICT QUESTION 1 (ISD #787),0787,619,422,1041,59.46,Passed
MN,2023-11-07,School (referendum/bond),5031,SCHOOL DISTRICT QUESTION 1 (ISD #811),0811,762,468,1230,61.95,Passed
MN,2023-11-07,School (referendum/bond),5031,SCHOOL DISTRICT QUESTION 1 (ISD #833),0833,12662,9663,22325,56.72,Passed
MN,2023-11-07,School (referendum/bond),5032,SCHOOL DISTRICT QUESTION 2 (ISD #833),0833,12271,10044,22315,54.99,Passed
MN,2023-11-07,School (referendum/bond),5033,SCHOOL DISTRICT QUESTION 3 (ISD #833),0833,11478,10726,22204,51.69,Passed
MN,2023-11-07,School (referendum/bond),5031,SCHOOL DISTRICT QUESTION 1 (ISD #834),0834,8361,6374,14735,56.74,Passed
MN,2023-11-07,School (referendum/bond),5031,SCHOOL DISTRICT QUESTION 1 (ISD #857),0857,539,551,1090,49.45,Failed
MN,2023-11-07,School (referendum/bond),5032,SCHOOL DISTRICT QUESTION 2 (ISD #857),0857,452,633,1085,41.66,Failed
MN,2023-11-07,School (referendum/bond),5033,SCHOOL DISTRICT QUESTION 3 (ISD #857),0857,319,756,1075,29.67,Failed
MN,2023-11-07,School (referendum/bond),5031,SCHOOL DISTRICT QUESTION 1 (ISD #877),0877,2167,1208,3375,64.21,Passed
MN,2023-11-07,School (referendum/bond),5031,SCHOOL DISTRICT QUESTION 1 (ISD #2149),2149,1008,293,1301,77.48,Passed
MN,2023-11-07,School (referendum/bond),5032,SCHOOL DISTRICT QUESTION 2 (ISD #2149),2149,905,399,1304,69.4,Passed
MN,2023-11-07,School (referendum/bond),5031,SCHOOL DISTRICT QUESTION 1 (ISD #2155),2155,437,1690,2127,20.55,Failed
MN,2023-11-07,School (referendum/bond),5032,SCHOOL DISTRICT QUESTION 2 (ISD #2155),2155,380,1747,2127,17.87,Failed
MN,2023-11-07,School (referendum/bond),5031,SCHOOL DISTRICT QUESTION 1 (ISD #2159),2159,651,276,927,70.23,Passed
MN,2023-11-07,School (referendum/bond),5031,SCHOOL DISTRICT QUESTION 1 (ISD #2198),2198,300,409,709,42.31,Failed
MN,2023-11-07,School (referendum/bond),5031,SCHOOL DISTRICT QUESTION 1 (ISD #2311),2311,258,315,573,45.03,Failed
MN,2023-11-07,School (referendum/bond),5031,SCHOOL DISTRICT QUESTION 1 (ISD #2342),2342,577,301,878,65.72,Passed
MN,2023-11-07,School (referendum/bond),5032,SCHOOL DISTRICT QUESTION 2 (ISD #2342),2342,536,343,879,60.98,Passed
MN,2023-11-07,School (referendum/bond),5031,SCHOOL DISTRICT QUESTION 1 (ISD #2365),2365,803,230,1033,77.73,Passed
MN,2023-11-07,School (referendum/bond),5031,SCHOOL DISTRICT QUESTION 1 (ISD #2448),2448,861,911,1772,48.59,Failed
MN,2023-11-07,School (referendum/bond),5032,SCHOOL DISTRICT QUESTION 2 (ISD #2448),2448,763,986,1749,43.62,Failed
MN,2023-11-07,School (referendum/bond),5031,SCHOOL DISTRICT QUESTION 1 (ISD #2534),2534,995,516,1511,65.85,Passed
MN,2023-11-07,School (referendum/bond),5031,SCHOOL DISTRICT QUESTION 1 (ISD #2687),2687,1226,897,2123,57.75,Passed
MN,2023-11-07,School (referendum/bond),5031,SCHOOL DISTRICT QUESTION 1 (ISD #2835),2835,243,113,356,68.26,Passed
MN,2023-11-07,School (referendum/bond),5031,SCHOOL DISTRICT QUESTION 1 (ISD #2853),2853,589,417,1006,58.55,Passed
MN,2023-11-07,School (referendum/bond),5031,SCHOOL DISTRICT QUESTION 1 (ISD #2888),2888,510,403,913,55.86,Passed
MN,2023-11-07,School (referendum/bond),5031,SCHOOL DISTRICT QUESTION 1 (ISD #2889),2889,401,519,920,43.59,Failed
MN,2023-11-07,School (referendum/bond),5031,SCHOOL DISTRICT QUESTION 1 (ISD #2902),2902,492,508,1000,49.2,Failed
MN,2024-11-05,City,2801,CITY QUESTION 1 (Anoka),01720,4329,4686,9015,48.02,Failed
MN,2024-11-05,City,2801,CITY QUESTION 1 (Avon),03070,855,173,1028,83.17,Passed
MN,2024-11-05,City,2801,CITY QUESTION 1 (Belgrade),04762,305,63,368,82.88,Passed
MN,2024-11-05,City,2801,CITY QUESTION 1 (Blackduck),06256,139,170,309,44.98,Failed
MN,2024-11-05,City,2802,CITY QUESTION 2 (Blackduck),06256,149,157,306,48.69,Failed
MN,2024-11-05,City,2803,CITY QUESTION 3 (Blackduck),06256,144,159,303,47.52,Failed
MN,2024-11-05,City,2804,CITY QUESTION 4 (Blackduck),06256,89,213,302,29.47,Failed
MN,2024-11-05,City,2805,CITY QUESTION 5 (Blackduck),06256,164,141,305,53.77,Passed
MN,2024-11-05,City,2801,CITY QUESTION 1 (Bloomington),06616,23360,24596,47956,48.71,Failed
MN,2024-11-05,City,2801,CITY QUESTION 1 (Brooklyn Center),07948,6956,3034,9990,69.63,Passed
MN,2024-11-05,City,2802,CITY QUESTION 2 (Brooklyn Center),07948,5064,6064,11128,45.51,Failed
MN,2024-11-05,City,2801,CITY QUESTION 1 (Chanhassen),10918,9028,7289,16317,55.33,Passed
MN,2024-11-05,City,2801,CITY QUESTION 1 (Cottage Grove),13456,9432,14100,23532,40.08,Failed
MN,2024-11-05,City,2802,CITY QUESTION 2 (Cottage Grove),13456,9714,13768,23482,41.37,Failed
MN,2024-11-05,City,2803,CITY QUESTION 3 (Cottage Grove),13456,6472,16535,23007,28.13,Failed
MN,2024-11-05,City,2801,CITY QUESTION 1 (Detroit Lakes),15832,2786,2168,4954,56.24,Passed
MN,2024-11-05,City,2801,CITY QUESTION 1 (Dilworth),15976,1635,634,2269,72.06,Passed
MN,2024-11-05,City,2801,CITY QUESTION 1 (East Grand Forks),17612,2324,1614,3938,59.01,Passed
MN,2024-11-05,City,2802,CITY QUESTION 2 (East Grand Forks),17612,2282,1612,3894,58.6,Passed
MN,2024-11-05,City,2801,CITY QUESTION 1 (Elgin),18530,314,350,664,47.29,Failed
MN,2024-11-05,City,2801,CITY QUESTION 1 (Excelsior),20078,993,341,1334,74.44,Passed
MN,2024-11-05,City,2801,CITY QUESTION 1 (Fairmont),20330,1596,3394,4990,31.98,Failed
MN,2024-11-05,City,2801,CITY QUESTION 1 (Gilbert),23714,567,285,852,66.55,Passed
MN,2024-11-05,City,2801,CITY QUESTION 1 (Henderson),28394,348,197,545,63.85,Passed
MN,2024-11-05,City,2801,CITY QUESTION 1 (Hendricks),28430,227,107,334,67.96,Passed
MN,2024-11-05,City,2801,CITY QUESTION 1 (Hibbing),28790,4462,3580,8042,55.48,Passed
MN,2024-11-05,City,2801,CITY QUESTION 1 (Kennedy),32732,90,20,110,81.82,Passed
MN,2024-11-05,City,2801,CITY QUESTION 1 (Middle River),41912,105,39,144,72.92,Passed
MN,2024-11-05,City,2801,CITY QUESTION 1 (Milan),42146,70,31,101,69.31,Passed
MN,2024-11-05,City,2801,CITY QUESTION 1 (Monticello),43774,3656,3581,7237,50.52,Passed
MN,2024-11-05,City,2802,CITY QUESTION 2 (Monticello),43774,3152,4024,7176,43.92,Failed
MN,2024-11-05,City,2801,CITY QUESTION 1 (Mounds View),44530,2464,3777,6241,39.48,Failed
MN,2024-11-05,City,2801,CITY QUESTION 1 (Mountain Lake),44566,600,324,924,64.94,Passed
MN,2024-11-05,City,2801,CITY QUESTION 1 (Oakdale),47680,9919,4631,14550,68.17,Passed
MN,2024-11-05,City,2802,CITY QUESTION 2 (Oakdale),47680,10319,4163,14482,71.25,Passed
MN,2024-11-05,City,2801,CITY QUESTION 1 (Palisade),49498,26,53,79,32.91,Failed
MN,2024-11-05,City,2801,CITY QUESTION 1 (Proctor),52630,979,798,1777,55.09,Passed
MN,2024-11-05,City,2801,CITY QUESTION 1 (Richfield),54214,11427,6839,18266,62.56,Passed
MN,2024-11-05,City,2802,CITY QUESTION 2 (Richfield),54214,12810,5561,18371,69.73,Passed
MN,2024-11-05,City,2803,CITY QUESTION 3 (Richfield),54214,12340,6001,18341,67.28,Passed
MN,2024-11-05,City,2801,CITY QUESTION 1 (Roseville),55852,11263,9171,20434,55.12,Passed
MN,2024-11-05,City,2802,CITY QUESTION 2 (Roseville),55852,9465,10831,20296,46.63,Failed
MN,2024-11-05,City,2801,CITY QUESTION 1 (St. Cloud),56896,17278,10592,27870,61.99,Passed
MN,2024-11-05,City,2802,CITY QUESTION 2 (St. Cloud),56896,14292,11837,26129,54.7,Passed
MN,2024-11-05,City,2801,CITY QUESTION 1 (St. Paul),58000,51501,77064,128565,40.06,Failed
MN,2024-11-05,City,2802,CITY QUESTION 2 (St. Paul),58000,74941,48475,123416,60.72,Passed
MN,2024-11-05,City,2801,CITY QUESTION 1 (Stillwater),62824,7763,4549,12312,63.05,Passed
MN,2024-11-05,City,2801,CITY QUESTION 1 (Taconite),64048,185,156,341,54.25,Passed
MN,2024-11-05,City,2801,CITY QUESTION 1 (Ulen),66136,164,86,250,65.6,Passed
MN,2024-11-05,City,2801,CITY QUESTION 1 (Warren),68170,486,218,704,69.03,Passed
MN,2024-11-05,City,2801,CITY QUESTION 1 (Whalan),69808,44,2,46,95.65,Passed
MN,2024-11-05,City,2801,CITY QUESTION 1 (Windom),70798,1056,1080,2136,49.44,Failed
MN,2024-11-05,City,2801,CITY QUESTION 1 (Woodbury),71428,24106,20226,44332,54.38,Passed
MN,2024-11-05,School (referendum/bond),5031,SCHOOL DISTRICT QUESTION 1 (SSD #1),0001,126924,64366,191290,66.35,Passed
MN,2024-11-05,School (referendum/bond),5031,SCHOOL DISTRICT QUESTION 1 (ISD #14),0014,4376,3277,7653,57.18,Passed
MN,2024-11-05,School (referendum/bond),5032,SCHOOL DISTRICT QUESTION 2 (ISD #14),0014,4390,3245,7635,57.5,Passed
MN,2024-11-05,School (referendum/bond),5031,SCHOOL DISTRICT QUESTION 1 (ISD #81),0081,338,270,608,55.59,Passed
MN,2024-11-05,School (referendum/bond),5031,SCHOOL DISTRICT QUESTION 1 (ISD #146),0146,1065,1665,2730,39.01,Failed
MN,2024-11-05,School (referendum/bond),5032,SCHOOL DISTRICT QUESTION 2 (ISD #146),0146,993,1665,2658,37.36,Failed
MN,2024-11-05,School (referendum/bond),5033,SCHOOL DISTRICT QUESTION 3 (ISD #146),0146,978,1674,2652,36.88,Failed
MN,2024-11-05,School (referendum/bond),5031,SCHOOL DISTRICT QUESTION 1 (ISD #152),0152,10475,11089,21564,48.58,Failed
MN,2024-11-05,School (referendum/bond),5031,SCHOOL DISTRICT QUESTION 1 (ISD #166),0166,1904,1649,3553,53.59,Passed
MN,2024-11-05,School (referendum/bond),5032,SCHOOL DISTRICT QUESTION 2 (ISD #166),0166,1677,1847,3524,47.59,Failed
MN,2024-11-05,School (referendum/bond),5033,SCHOOL DISTRICT QUESTION 3 (ISD #166),0166,1504,1993,3497,43.01,Failed
MN,2024-11-05,School (referendum/bond),5031,SCHOOL DISTRICT QUESTION 1 (ISD #173),0173,754,685,1439,52.4,Passed
MN,2024-11-05,School (referendum/bond),5031,SCHOOL DISTRICT QUESTION 1 (ISD #182),0182,3113,3630,6743,46.17,Failed
MN,2024-11-05,School (referendum/bond),5031,SCHOOL DISTRICT QUESTION 1 (ISD #191),0191,21823,11362,33185,65.76,Passed
MN,2024-11-05,School (referendum/bond),5031,SCHOOL DISTRICT QUESTION 1 (ISD #192),0192,8421,12152,20573,40.93,Failed
MN,2024-11-05,School (referendum/bond),5031,SCHOOL DISTRICT QUESTION 1 (ISD #194),0194,17880,19795,37675,47.46,Failed
MN,2024-11-05,School (referendum/bond),5031,SCHOOL DISTRICT QUESTION 1 (ISD #199),0199,8613,7350,15963,53.96,Passed
MN,2024-11-05,School (referendum/bond),5031,SCHOOL DISTRICT QUESTION 1 (ISD #252),0252,2196,2477,4673,46.99,Failed
MN,2024-11-05,School (referendum/bond),5031,SCHOOL DISTRICT QUESTION 1 (ISD #281),0281,37736,12938,50674,74.47,Passed
MN,2024-11-05,School (referendum/bond),5031,SCHOOL DISTRICT QUESTION 1 (ISD #286),0286,1503,1311,2814,53.41,Passed
MN,2024-11-05,School (referendum/bond),5031,SCHOOL DISTRICT QUESTION 1 (ISD #378),0378,525,1067,1592,32.98,Failed
MN,2024-11-05,School (referendum/bond),5031,SCHOOL DISTRICT QUESTION 1 (ISD #390),0390,791,1236,2027,39.02,Failed
MN,2024-11-05,School (referendum/bond),5032,SCHOOL DISTRICT QUESTION 2 (ISD #390),0390,844,1156,2000,42.2,Failed
MN,2024-11-05,School (referendum/bond),5031,SCHOOL DISTRICT QUESTION 1 (ISD #391),0391,810,1000,1810,44.75,Failed
MN,2024-11-05,School (referendum/bond),5031,SCHOOL DISTRICT QUESTION 1 (ISD #447),0447,401,181,582,68.9,Passed
MN,2024-11-05,School (referendum/bond),5032,SCHOOL DISTRICT QUESTION 2 (ISD #447),0447,344,228,572,60.14,Passed
MN,2024-11-05,School (referendum/bond),5033,SCHOOL DISTRICT QUESTION 3 (ISD #447),0447,353,219,572,61.71,Passed
MN,2024-11-05,School (referendum/bond),5031,SCHOOL DISTRICT QUESTION 1 (ISD #531),0531,2283,3159,5442,41.95,Failed
MN,2024-11-05,School (referendum/bond),5031,SCHOOL DISTRICT QUESTION 1 (ISD #533),0533,917,1635,2552,35.93,Failed
MN,2024-11-05,School (referendum/bond),5031,SCHOOL DISTRICT QUESTION 1 (ISD #535),0535,39837,30058,69895,57.0,Passed
MN,2024-11-05,School (referendum/bond),5031,SCHOOL DISTRICT QUESTION 1 (ISD #544),0544,4599,6304,10903,42.18,Failed
MN,2024-11-05,School (referendum/bond),5032,SCHOOL DISTRICT QUESTION 2 (ISD #544),0544,4234,6417,10651,39.75,Failed
MN,2024-11-05,School (referendum/bond),5031,SCHOOL DISTRICT QUESTION 1 (ISD #564),0564,3821,3099,6920,55.22,Passed
MN,2024-11-05,School (referendum/bond),5031,SCHOOL DISTRICT QUESTION 1 (ISD #600),0600,259,284,543,47.7,Failed
MN,2024-11-05,School (referendum/bond),5031,SCHOOL DISTRICT QUESTION 1 (ISD #659),0659,10067,6855,16922,59.49,Passed
MN,2024-11-05,School (referendum/bond),5032,SCHOOL DISTRICT QUESTION 2 (ISD #659),0659,8991,7767,16758,53.65,Passed
MN,2024-11-05,School (referendum/bond),5033,SCHOOL DISTRICT QUESTION 3 (ISD #659),0659,9445,7290,16735,56.44,Passed
MN,2024-11-05,School (referendum/bond),5031,SCHOOL DISTRICT QUESTION 1 (ISD #676),0676,327,281,608,53.78,Passed
MN,2024-11-05,School (referendum/bond),5032,SCHOOL DISTRICT QUESTION 2 (ISD #676),0676,271,329,600,45.17,Failed
MN,2024-11-05,School (referendum/bond),5033,SCHOOL DISTRICT QUESTION 3 (ISD #676),0676,239,358,597,40.03,Failed
MN,2024-11-05,School (referendum/bond),5031,SCHOOL DISTRICT QUESTION 1 (ISD #682),0682,1460,2307,3767,38.76,Failed
MN,2024-11-05,School (referendum/bond),5031,SCHOOL DISTRICT QUESTION 1 (ISD #696),0696,1623,1447,3070,52.87,Passed
MN,2024-11-05,School (referendum/bond),5031,SCHOOL DISTRICT QUESTION 1 (ISD #719),0719,12215,15293,27508,44.41,Failed
MN,2024-11-05,School (referendum/bond),5031,SCHOOL DISTRICT QUESTION 1 (ISD #720),0720,14974,9010,23984,62.43,Passed
MN,2024-11-05,School (referendum/bond),5031,SCHOOL DISTRICT QUESTION 1 (ISD #727),0727,5591,4921,10512,53.19,Passed
MN,2024-11-05,School (referendum/bond),5032,SCHOOL DISTRICT QUESTION 2 (ISD #727),0727,4714,5823,10537,44.74,Failed
MN,2024-11-05,School (referendum/bond),5033,SCHOOL DISTRICT QUESTION 3 (ISD #727),0727,4230,6215,10445,40.5,Failed
MN,2024-11-05,School (referendum/bond),5031,SCHOOL DISTRICT QUESTION 1 (ISD #803),0803,538,609,1147,46.9,Failed
MN,2024-11-05,School (referendum/bond),5032,SCHOOL DISTRICT QUESTION 2 (ISD #803),0803,514,594,1108,46.39,Failed
MN,2024-11-05,School (referendum/bond),5031,SCHOOL DISTRICT QUESTION 1 (CSD #815),0815,412,100,512,80.47,Passed
MN,2024-11-05,School (referendum/bond),5031,SCHOOL DISTRICT QUESTION 1 (ISD #857),0857,1246,1032,2278,54.7,Passed
MN,2024-11-05,School (referendum/bond),5032,SCHOOL DISTRICT QUESTION 2 (ISD #857),0857,1179,1097,2276,51.8,Passed
MN,2024-11-05,School (referendum/bond),5031,SCHOOL DISTRICT QUESTION 1 (ISD #876),0876,3211,3779,6990,45.94,Failed
MN,2024-11-05,School (referendum/bond),5031,SCHOOL DISTRICT QUESTION 1 (ISD #883),0883,2848,3365,6213,45.84,Failed
MN,2024-11-05,School (referendum/bond),5031,SCHOOL DISTRICT QUESTION 1 (ISD #2071),2071,1926,1565,3491,55.17,Passed
MN,2024-11-05,School (referendum/bond),5031,SCHOOL DISTRICT QUESTION 1 (ISD #2137),2137,1625,1398,3023,53.75,Passed
MN,2024-11-05,School (referendum/bond),5032,SCHOOL DISTRICT QUESTION 2 (ISD #2137),2137,1258,1750,3008,41.82,Failed
MN,2024-11-05,School (referendum/bond),5031,SCHOOL DISTRICT QUESTION 1 (ISD #2171),2171,677,393,1070,63.27,Passed
MN,2024-11-05,School (referendum/bond),5031,SCHOOL DISTRICT QUESTION 1 (ISD #2198),2198,1143,1574,2717,42.07,Failed
MN,2024-11-05,School (referendum/bond),5031,SCHOOL DISTRICT QUESTION 1 (ISD #2859),2859,3570,3418,6988,51.09,Passed
MN,2024-11-05,School (referendum/bond),5031,SCHOOL DISTRICT QUESTION 1 (ISD #2860),2860,1655,2604,4259,38.86,Failed
MN,2024-11-05,School (referendum/bond),5031,SCHOOL DISTRICT QUESTION 1 (ISD #2888),2888,588,713,1301,45.2,Failed
MN,2024-11-05,School (referendum/bond),5032,SCHOOL DISTRICT QUESTION 2 (ISD #2888),2888,612,699,1311,46.68,Failed
MN,2024-11-05,School (referendum/bond),5031,SCHOOL DISTRICT QUESTION 1 (ISD #2902),2902,888,1128,2016,44.05,Failed
MN,2024-11-05,Township,4031,TOWNSHIP QUESTION 1 (Adrian Twp),00280,72,16,88,81.82,Passed
MN,2024-11-05,Township,4031,TOWNSHIP QUESTION 1 (Baytown Twp),04132,276,1239,1515,18.22,Failed
MN,2024-11-05,Township,4031,TOWNSHIP QUESTION 1 (Bird Island Twp),06094,83,37,120,69.17,Passed
MN,2024-11-05,Township,4031,TOWNSHIP QUESTION 1 (Boy Lake Twp),07156,63,33,96,65.62,Passed
MN,2024-11-05,Township,4032,TOWNSHIP QUESTION 2 (Boy Lake Twp),07156,61,36,97,62.89,Passed
MN,2024-11-05,Township,4031,TOWNSHIP QUESTION 1 (Cambria Twp),09352,64,86,150,42.67,Failed
MN,2024-11-05,Township,4031,TOWNSHIP QUESTION 1 (Deer River Twp),15328,161,173,334,48.2,Failed
MN,2024-11-05,Township,4031,TOWNSHIP QUESTION 1 (Dunn Twp),17162,414,163,577,71.75,Passed
MN,2024-11-05,Township,4031,TOWNSHIP QUESTION 1 (Garrison Twp),23210,336,152,488,68.85,Passed
MN,2024-11-05,Township,4031,TOWNSHIP QUESTION 1 (Higdem Twp),28844,44,0,44,100.0,Passed
MN,2024-11-05,Township,4031,TOWNSHIP QUESTION 1 (London Twp),37916,117,35,152,76.97,Passed
MN,2024-11-05,Township,4031,TOWNSHIP QUESTION 1 (Macville Twp),39212,57,27,84,67.86,Passed
MN,2024-11-05,Township,4031,TOWNSHIP QUESTION 1 (Mantrap Twp),40022,243,88,331,73.41,Passed
MN,2024-11-05,Township,4032,TOWNSHIP QUESTION 2 (Mantrap Twp),40022,249,77,326,76.38,Passed
MN,2024-11-05,Township,4031,TOWNSHIP QUESTION 1 (Midway Twp),42002,111,50,161,68.94,Passed
MN,2024-11-05,Township,4032,TOWNSHIP QUESTION 2 (Midway Twp),42002,101,47,148,68.24,Passed
MN,2024-11-05,Township,4033,TOWNSHIP QUESTION 3 (Midway Twp),42002,106,47,153,69.28,Passed
MN,2024-11-05,Township,4031,TOWNSHIP QUESTION 1 (Mission Twp),43468,345,173,518,66.6,Passed
MN,2024-11-05,Township,4031,TOWNSHIP QUESTION 1 (Newton Twp),46006,243,133,376,64.63,Passed
MN,2024-11-05,Township,4031,TOWNSHIP QUESTION 1 (Otter Tail Peninsula Twp),49250,38,11,49,77.55,Passed
MN,2024-11-05,Township,4032,TOWNSHIP QUESTION 2 (Otter Tail Peninsula Twp),49250,39,11,50,78.0,Passed
MN,2024-11-05,Township,4031,TOWNSHIP QUESTION 1 (Owens Twp),49336,79,38,117,67.52,Passed
MN,2024-11-05,Township,4034,TOWNSHIP QUESTION 1 (Oxford Twp),49354,300,308,608,49.34,Failed
MN,2024-11-05,Township,4031,TOWNSHIP QUESTION 1 (Ross Lake Twp),55978,104,37,141,73.76,Passed
MN,2024-11-05,Township,4031,TOWNSHIP QUESTION 1 (Scambler Twp),58864,215,88,303,70.96,Passed
MN,2024-11-05,Township,4032,TOWNSHIP QUESTION 2 (Scambler Twp),58864,218,81,299,72.91,Passed
MN,2024-11-05,Township,4031,TOWNSHIP QUESTION 1 (Shell Rock Twp),59548,139,71,210,66.19,Passed
MN,2024-11-05,Township,4031,TOWNSHIP QUESTION 1 (Tegner Twp),64336,23,3,26,88.46,Passed
MN,2024-11-05,Township,4031,TOWNSHIP QUESTION 1 (White Twp),69898,694,177,871,79.68,Passed
MN,2024-11-05,Township,4031,TOWNSHIP QUESTION 1 (Windemere Twp),70780,558,491,1049,53.19,Passed
MN,2024-11-05,Township,4032,TOWNSHIP QUESTION 2 (Windemere Twp),70780,481,546,1027,46.84,Failed
MN,2025-11-04,City,2801,CITY QUESTION 1 (Duluth),2801,12549,5666,18215,68.89,Passed
MN,2025-11-04,City,2801,CITY QUESTION 1 (Hopkins),30140,2102,912,3014,69.74,Passed
MN,2025-11-04,City,2802,CITY QUESTION 2 (Hopkins),30140,2032,1100,3132,64.88,Passed
MN,2025-11-04,City,2801,CITY QUESTION 1 (Prior Lake),52594,2864,3934,6798,42.13,Failed
MN,2025-11-04,City,2801,CITY QUESTION 1 (St. Paul),58000,44069,20560,64629,68.19,Passed
MN,2025-11-04,School (referendum/bond),5031,SCHOOL DISTRICT QUESTION 1 (ISD #1),0001,1549,1760,3309,46.81,Failed
MN,2025-11-04,School (referendum/bond),5032,SCHOOL DISTRICT QUESTION 2 (ISD #1),0001,1419,1859,3278,43.29,Failed
MN,2025-11-04,School (referendum/bond),5031,SCHOOL DISTRICT QUESTION 1 (ISD #16),0016,1889,966,2855,66.16,Passed
MN,2025-11-04,School (referendum/bond),5031,SCHOOL DISTRICT QUESTION 1 (ISD #110),0110,2613,1688,4301,60.75,Passed
MN,2025-11-04,School (referendum/bond),5031,SCHOOL DISTRICT QUESTION 1 (ISD #112),0112,7276,4391,11667,62.36,Passed
MN,2025-11-04,School (referendum/bond),5031,SCHOOL DISTRICT QUESTION 1 (ISD #113),0113,813,365,1178,69.02,Passed
MN,2025-11-04,School (referendum/bond),5032,SCHOOL DISTRICT QUESTION 2 (ISD #113),0113,765,408,1173,65.22,Passed
MN,2025-11-04,School (referendum/bond),5031,SCHOOL DISTRICT QUESTION 1 (ISD #152),0152,4206,2799,7005,60.04,Passed
MN,2025-11-04,School (referendum/bond),5032,SCHOOL DISTRICT QUESTION 2 (ISD #152),0152,3986,3011,6997,56.97,Passed
MN,2025-11-04,School (referendum/bond),5031,SCHOOL DISTRICT QUESTION 1 (ISD #166),0166,1228,1103,2331,52.68,Passed
MN,2025-11-04,School (referendum/bond),5031,SCHOOL DISTRICT QUESTION 1 (ISD #182),0182,2241,1262,3503,63.97,Passed
MN,2025-11-04,School (referendum/bond),5031,SCHOOL DISTRICT QUESTION 1 (ISD #192),0192,4157,3068,7225,57.54,Passed
MN,2025-11-04,School (referendum/bond),5031,SCHOOL DISTRICT QUESTION 1 (ISD #194),0194,7665,3445,11110,68.99,Passed
MN,2025-11-04,School (referendum/bond),5031,SCHOOL DISTRICT QUESTION 1 (ISD #196),0196,12370,5823,18193,67.99,Passed
MN,2025-11-04,School (referendum/bond),5031,SCHOOL DISTRICT QUESTION 1 (ISD #206),0206,3038,3391,6429,47.25,Failed
MN,2025-11-04,School (referendum/bond),5031,SCHOOL DISTRICT QUESTION 1 (ISD #252),0252,1504,679,2183,68.9,Passed
MN,2025-11-04,School (referendum/bond),5031,SCHOOL DISTRICT QUESTION 1 (ISD #253),0253,296,290,586,50.51,Passed
MN,2025-11-04,School (referendum/bond),5031,SCHOOL DISTRICT QUESTION 1 (ISD #270),0270,10225,3792,14017,72.95,Passed
MN,2025-11-04,School (referendum/bond),5032,SCHOOL DISTRICT QUESTION 2 (ISD #270),0270,10890,3095,13985,77.87,Passed
MN,2025-11-04,School (referendum/bond),5031,SCHOOL DISTRICT QUESTION 1 (ISD #276),0276,5445,2476,7921,68.74,Passed
MN,2025-11-04,School (referendum/bond),5031,SCHOOL DISTRICT QUESTION 1 (ISD #317),0317,392,663,1055,37.16,Failed
MN,2025-11-04,School (referendum/bond),5032,SCHOOL DISTRICT QUESTION 2 (ISD #317),0317,389,669,1058,36.77,Failed
MN,2025-11-04,School (referendum/bond),5031,SCHOOL DISTRICT QUESTION 1 (ISD #390),0390,397,289,686,57.87,Passed
MN,2025-11-04,School (referendum/bond),5031,SCHOOL DISTRICT QUESTION 1 (ISD #391),0391,517,465,982,52.65,Passed
MN,2025-11-04,School (referendum/bond),5031,SCHOOL DISTRICT QUESTION 1 (ISD #413),0413,1415,1647,3062,46.21,Failed
MN,2025-11-04,School (referendum/bond),5031,SCHOOL DISTRICT QUESTION 1 (ISD #473),0473,179,71,250,71.6,Passed
MN,2025-11-04,School (referendum/bond),5031,SCHOOL DISTRICT QUESTION 1 (ISD #477),0477,1404,1983,3387,41.45,Failed
MN,2025-11-04,School (referendum/bond),5031,SCHOOL DISTRICT QUESTION 1 (ISD #487),0487,212,277,489,43.35,Failed
MN,2025-11-04,School (referendum/bond),5031,SCHOOL DISTRICT QUESTION 1 (ISD #492),0492,1551,2276,3827,40.53,Failed
MN,2025-11-04,School (referendum/bond),5032,SCHOOL DISTRICT QUESTION 2 (ISD #492),0492,1492,2315,3807,39.19,Failed
MN,2025-11-04,School (referendum/bond),5031,SCHOOL DISTRICT QUESTION 1 (ISD #507),0507,412,186,598,68.9,Passed
MN,2025-11-04,School (referendum/bond),5032,SCHOOL DISTRICT QUESTION 2 (ISD #507),0507,379,218,597,63.48,Passed
MN,2025-11-04,School (referendum/bond),5031,SCHOOL DISTRICT QUESTION 1 (ISD #531),0531,1385,1200,2585,53.58,Passed
MN,2025-11-04,School (referendum/bond),5032,SCHOOL DISTRICT QUESTION 2 (ISD #531),0531,1328,1256,2584,51.39,Passed
MN,2025-11-04,School (referendum/bond),5031,SCHOOL DISTRICT QUESTION 1 (ISD #547),0547,293,231,524,55.92,Passed
MN,2025-11-04,School (referendum/bond),5032,SCHOOL DISTRICT QUESTION 2 (ISD #547),0547,289,234,523,55.26,Passed
MN,2025-11-04,School (referendum/bond),5031,SCHOOL DISTRICT QUESTION 1 (ISD #577),0577,190,350,540,35.19,Failed
MN,2025-11-04,School (referendum/bond),5031,SCHOOL DISTRICT QUESTION 1 (ISD #621),0621,7407,4089,11496,64.43,Passed
MN,2025-11-04,School (referendum/bond),5031,SCHOOL DISTRICT QUESTION 1 (ISD #622),0622,5709,7901,13610,41.95,Failed
MN,2025-11-04,School (referendum/bond),5032,SCHOOL DISTRICT QUESTION 2 (ISD #622),0622,6044,7558,13602,44.43,Failed
MN,2025-11-04,School (referendum/bond),5031,SCHOOL DISTRICT QUESTION 1 (ISD #623),0623,7139,3457,10596,67.37,Passed
MN,2025-11-04,School (referendum/bond),5031,SCHOOL DISTRICT QUESTION 1 (ISD #625),0625,43178,23175,66353,65.07,Passed
MN,2025-11-04,School (referendum/bond),5031,SCHOOL DISTRICT QUESTION 1 (ISD #676),0676,210,119,329,63.83,Passed
MN,2025-11-04,School (referendum/bond),5032,SCHOOL DISTRICT QUESTION 2 (ISD #676),0676,179,147,326,54.91,Passed
MN,2025-11-04,School (referendum/bond),5033,SCHOOL DISTRICT QUESTION 3 (ISD #676),0676,140,183,323,43.34,Failed
MN,2025-11-04,School (referendum/bond),5031,SCHOOL DISTRICT QUESTION 1 (ISD #690),0690,232,412,644,36.02,Failed
MN,2025-11-04,School (referendum/bond),5031,SCHOOL DISTRICT QUESTION 1 (ISD #701),0701,1191,2251,3442,34.6,Failed
MN,2025-11-04,School (referendum/bond),5032,SCHOOL DISTRICT QUESTION 2 (ISD #701),0701,1085,2354,3439,31.55,Failed
MN,2025-11-04,School (referendum/bond),5031,SCHOOL DISTRICT QUESTION 1 (ISD #716),0716,1491,668,2159,69.06,Passed
MN,2025-11-04,School (referendum/bond),5031,SCHOOL DISTRICT QUESTION 1 (ISD #720),0720,3193,1855,5048,63.25,Passed
MN,2025-11-04,School (referendum/bond),5032,SCHOOL DISTRICT QUESTION 2 (ISD #720),0720,3115,1925,5040,61.81,Passed
MN,2025-11-04,School (referendum/bond),5031,SCHOOL DISTRICT QUESTION 1 (ISD #721),0721,3927,2049,5976,65.71,Passed
MN,2025-11-04,School (referendum/bond),5031,SCHOOL DISTRICT QUESTION 1 (ISD #726),0726,500,840,1340,37.31,Failed
MN,2025-11-04,School (referendum/bond),5031,SCHOOL DISTRICT QUESTION 1 (ISD #727),0727,1166,1331,2497,46.7,Failed
MN,2025-11-04,School (referendum/bond),5032,SCHOOL DISTRICT QUESTION 2 (ISD #727),0727,1009,1484,2493,40.47,Failed
MN,2025-11-04,School (referendum/bond),5031,SCHOOL DISTRICT QUESTION 1 (ISD #761),0761,3048,4941,7989,38.15,Failed
MN,2025-11-04,School (referendum/bond),5031,SCHOOL DISTRICT QUESTION 1 (ISD #768),0768,209,146,355,58.87,Passed
MN,2025-11-04,School (referendum/bond),5032,SCHOOL DISTRICT QUESTION 2 (ISD #768),0768,201,154,355,56.62,Passed
MN,2025-11-04,School (referendum/bond),5031,SCHOOL DISTRICT QUESTION 1 (ISD #777),0777,536,722,1258,42.61,Failed
MN,2025-11-04,School (referendum/bond),5032,SCHOOL DISTRICT QUESTION 2 (ISD #777),0777,485,773,1258,38.55,Failed
MN,2025-11-04,School (referendum/bond),5031,SCHOOL DISTRICT QUESTION 1 (ISD #803),0803,295,226,521,56.62,Passed
MN,2025-11-04,School (referendum/bond),5032,SCHOOL DISTRICT QUESTION 2 (ISD #803),0803,289,232,521,55.47,Passed
MN,2025-11-04,School (referendum/bond),5031,SCHOOL DISTRICT QUESTION 1 (ISD #832),0832,2273,1280,3553,63.97,Passed
MN,2025-11-04,School (referendum/bond),5032,SCHOOL DISTRICT QUESTION 2 (ISD #832),0832,2099,1449,3548,59.16,Passed
MN,2025-11-04,School (referendum/bond),5031,SCHOOL DISTRICT QUESTION 1 (ISD #837),0837,494,220,714,69.19,Passed
MN,2025-11-04,School (referendum/bond),5032,SCHOOL DISTRICT QUESTION 2 (ISD #837),0837,420,283,703,59.74,Passed
MN,2025-11-04,School (referendum/bond),5031,SCHOOL DISTRICT QUESTION 1 (ISD #846),0846,774,330,1104,70.11,Passed
MN,2025-11-04,School (referendum/bond),5031,SCHOOL DISTRICT QUESTION 1 (ISD #850),0850,103,150,253,40.71,Failed
MN,2025-11-04,School (referendum/bond),5031,SCHOOL DISTRICT QUESTION 1 (ISD #876),0876,2328,1808,4136,56.29,Passed
MN,2025-11-04,School (referendum/bond),5031,SCHOOL DISTRICT QUESTION 1 (ISD #882),0882,3007,2645,5652,53.2,Passed
MN,2025-11-04,School (referendum/bond),5031,SCHOOL DISTRICT QUESTION 1 (ISD #883),0883,1383,964,2347,58.93,Passed
MN,2025-11-04,School (referendum/bond),5032,SCHOOL DISTRICT QUESTION 2 (ISD #883),0883,1369,977,2346,58.35,Passed
MN,2025-11-04,School (referendum/bond),5031,SCHOOL DISTRICT QUESTION 1 (ISD #885),0885,3662,2542,6204,59.03,Passed
MN,2025-11-04,School (referendum/bond),5032,SCHOOL DISTRICT QUESTION 2 (ISD #885),0885,3510,2687,6197,56.64,Passed
MN,2025-11-04,School (referendum/bond),5031,SCHOOL DISTRICT QUESTION 1 (ISD #911),0911,3038,4477,7515,40.43,Failed
MN,2025-11-04,School (referendum/bond),5032,SCHOOL DISTRICT QUESTION 2 (ISD #911),0911,2571,4927,7498,34.29,Failed
MN,2025-11-04,School (referendum/bond),5031,SCHOOL DISTRICT QUESTION 1 (ISD #2125),2125,460,318,778,59.13,Passed
MN,2025-11-04,School (referendum/bond),5031,SCHOOL DISTRICT QUESTION 1 (ISD #2149),2149,1175,1670,2845,41.3,Failed
MN,2025-11-04,School (referendum/bond),5031,SCHOOL DISTRICT QUESTION 1 (ISD #2155),2155,579,1335,1914,30.25,Failed
MN,2025-11-04,School (referendum/bond),5031,SCHOOL DISTRICT QUESTION 1 (ISD #2164),2164,619,652,1271,48.7,Failed
MN,2025-11-04,School (referendum/bond),5031,SCHOOL DISTRICT QUESTION 1 (ISD #2167),2167,267,187,454,58.81,Passed
MN,2025-11-04,School (referendum/bond),5031,SCHOOL DISTRICT QUESTION 1 (ISD #2169),2169,548,510,1058,51.8,Passed
MN,2025-11-04,School (referendum/bond),5031,SCHOOL DISTRICT QUESTION 1 (ISD #2198),2198,719,466,1185,60.68,Passed
MN,2025-11-04,School (referendum/bond),5031,SCHOOL DISTRICT QUESTION 1 (ISD #2310),2310,558,849,1407,39.66,Failed
MN,2025-11-04,School (referendum/bond),5031,SCHOOL DISTRICT QUESTION 1 (ISD #2311),2311,405,473,878,46.13,Failed
MN,2025-11-04,School (referendum/bond),5031,SCHOOL DISTRICT QUESTION 1 (ISD #2396),2396,381,726,1107,34.42,Failed
MN,2025-11-04,School (referendum/bond),5031,SCHOOL DISTRICT QUESTION 1 (ISD #2536),2536,253,188,441,57.37,Passed
MN,2025-11-04,School (referendum/bond),5032,SCHOOL DISTRICT QUESTION 2 (ISD #2536),2536,264,177,441,59.86,Passed
MN,2025-11-04,School (referendum/bond),5031,SCHOOL DISTRICT QUESTION 1 (ISD #2609),2609,273,200,473,57.72,Passed
MN,2025-11-04,School (referendum/bond),5031,SCHOOL DISTRICT QUESTION 1 (ISD #2752),2752,647,1247,1894,34.16,Failed
MN,2025-11-04,School (referendum/bond),5031,SCHOOL DISTRICT QUESTION 1 (ISD #2888),2888,409,250,659,62.06,Passed
MN,2025-11-04,School (referendum/bond),5032,SCHOOL DISTRICT QUESTION 2 (ISD #2888),2888,413,250,663,62.29,Passed
MN,2025-11-04,School (referendum/bond),5031,SCHOOL DISTRICT QUESTION 1 (ISD #2895),2895,734,939,1673,43.87,Failed
MN,2025-11-04,School (referendum/bond),5032,SCHOOL DISTRICT QUESTION 2 (ISD #2895),2895,666,1009,1675,39.76,Failed
MN,2025-11-04,School (referendum/bond),5031,SCHOOL DISTRICT QUESTION 1 (ISD #2905),2905,926,1088,2014,45.98,Failed
