election_date,contest_name,county,counties,votes_for,votes_against,pct_for,result
2008-11-04,CAPE FEAR COMMUNITY COLLEGE BOND,NEW HANOVER,NEW HANOVER,54974,33594,62.07,Pass
2008-11-04,CITY OF CHARLOTTE HOUSING BONDS,MECKLENBURG,MECKLENBURG,182891,109441,62.56,Pass
2008-11-04,CITY OF CHARLOTTE NEIGHBORHOOD IMPROVEMENT BONDS,MECKLENBURG,MECKLENBURG,205528,89187,69.74,Pass
2008-11-04,CITY OF CHARLOTTE STREET BONDS,MECKLENBURG,MECKLENBURG,217527,75012,74.36,Pass
2008-11-04,CITY OF GREENSBORO HOUSING BONDS,GUILFORD,GUILFORD,68191,53526,56.02,Pass
2008-11-04,CITY OF GREENSBORO PARKS AND RECREATIONAL FACILITIES BONDS,GUILFORD,GUILFORD,69709,52672,56.96,Pass
2008-11-04,CITY OF GREENSBORO STREET IMPROVEMENT BONDS,GUILFORD,GUILFORD,70320,50192,58.35,Pass
2008-11-04,CITY OF GREENSBORO WAR MEMORIAL AUDITORIUM BONDS,GUILFORD,GUILFORD,51307,69130,42.6,Fail
2008-11-04,COLUMBIA-UNION WATER-SEWER DISTRICT WATER BONDS,PENDER,PENDER,983,1151,46.06,Fail
2008-11-04,COUNTY LIBRARY BONDS REFERENDUM,GRANVILLE,GRANVILLE,13500,7191,65.25,Pass
2008-11-04,COUNTY PARK AND RECREATION BONDS,MECKLENBURG,MECKLENBURG,232648,144528,61.68,Pass
2008-11-04,EDUCATIONAL FACILITIES BONDS,FORSYTH,FORSYTH,92445,55770,62.37,Pass
2008-11-04,RECREATION FACILITIES AND SENIOR CENTER BONDS REFERENDUM,PERSON,PERSON,8800,7181,55.07,Pass
2008-11-04,TOWN OF BOONE WATER BONDS,WATAUGA,WATAUGA,5554,2097,72.59,Pass
2010-05-04,CITY OF GASTONIA PARKS AND RECREATION IMPROVEMENT BONDS,GASTON,GASTON,2298,2412,48.79,Fail
2010-05-04,CITY OF GASTONIA STREET AND SIDEWALK IMPROVEMENT BONDS,GASTON,GASTON,2589,2133,54.83,Pass
2010-05-04,EDGECOMBE COUNTY WATER BONDS,EDGECOMBE,EDGECOMBE,158,37,81.03,Pass
2010-06-22,GOLDSTON BOND REFERENDUM,CHATHAM,CHATHAM,92,14,86.79,Pass
2010-11-02,CITY OF CHARLOTTE HOUSING BONDS,MECKLENBURG,MECKLENBURG,96570,72936,56.97,Pass
2010-11-02,CITY OF CHARLOTTE NEIGHBORHOOD IMPROVEMENT BONDS,MECKLENBURG,MECKLENBURG,106208,63772,62.48,Pass
2010-11-02,CITY OF CHARLOTTE STREET BONDS,MECKLENBURG,MECKLENBURG,108730,61485,63.88,Pass
2010-11-02,CITY OF DURHAM STREET IMPROVEMENT BONDS,DURHAM,DURHAM,34716,26290,56.91,Pass
2010-11-02,LIBRARY BOND REFERENDUM,FORSYTH,FORSYTH,50377,37718,57.18,Pass
2010-11-02,ROWAN-CABARRUS COMMUNITY COLLEGE BONDS,ROWAN,ROWAN,18119,14514,55.52,Pass
2010-11-02,VILLAGE OF SIMPSON SEWER BONDS,PITT,PITT,82,104,44.09,Fail
2011-10-11,CITY OF RALEIGH HOUSING BONDS REFERENDUM,WAKE,WAKE;DURHAM,34850,21116,62.27,Pass
2011-10-11,CITY OF RALEIGH TRANSPORTATION BONDS REFERENDUM,WAKE,WAKE;DURHAM,37560,18336,67.2,Pass
2011-11-08,CUMBERLAND COUNTY - GRAY'S CREEK WATER AND SEWER DISTRICT BONDS REFERENDUM,CUMBERLAND,CUMBERLAND,165,883,15.74,Fail
2011-11-08,TOWN OF HOLLY SPRINGS PARKS AND RECREATION BONDS REFERENDUM,WAKE,WAKE,1499,1035,59.16,Pass
2011-11-08,TOWN OF INDIAN TRAIL PARKS AND RECREATION BONDS REFERENDUM,UNION,UNION,908,1004,47.49,Fail
2011-11-08,TOWN OF INDIAN TRAIL STREET AND SIDEWALK BONDS REFERENDUM,UNION,UNION,1000,913,52.27,Pass
2011-11-08,TOWN OF INDIAN TRAIL THOROUGHFARE BONDS REFERENDUM,UNION,UNION,1050,875,54.55,Pass
2011-11-08,VILLAGE OF CLEMMONS STREET AND SIDEWALK BONDS REFERENDUM,FORSYTH,FORSYTH,514,2229,18.74,Fail
2012-05-08,NASH COUNTY COMMUNITY COLLEGE BONDS,NASH,NASH,17797,5441,76.59,Pass
2012-11-06,ALAMANCE COMMUNITY COLLEGE BONDS REFERENDUM,ALAMANCE,ALAMANCE,35192,26670,56.89,Pass
2012-11-06,CITY OF WILMINGTON BASEBALL STADIUM BONDS REFERENDUM,NEW HANOVER,NEW HANOVER,15378,35614,30.16,Fail
2012-11-06,TOWN OF CARY FIRE STATION BONDS REFERENDUM,WAKE,WAKE;CHATHAM,55989,13741,80.29,Pass
2012-11-06,TOWN OF CARY PARKS AND RECREATIONAL FACILITIES BONDS REFERENDUM,WAKE,WAKE;CHATHAM,48167,21617,69.02,Pass
2012-11-06,TOWN OF CARY TRANSPORTATION BONDS REFERENDUM,WAKE,WAKE;CHATHAM,49138,20376,70.69,Pass
2012-11-06,TOWN OF HUNTERSVILLE PARKS AND RECREATION BONDS REFERENDUM,MECKLENBURG,MECKLENBURG,15046,7832,65.77,Pass
2012-11-06,TOWN OF HUNTERSVILLE PUBLIC IMPROVEMENT BONDS REFERENDUM,MECKLENBURG,MECKLENBURG,15508,7262,68.11,Pass
2012-11-06,TOWN OF HUNTERSVILLE STREET BONDS REFERENDUM,MECKLENBURG,MECKLENBURG,15156,7177,67.86,Pass
2012-11-06,TOWN OF INDIAN TRAIL PARKS AND RECREATION BONDS REFERENDUM,UNION,UNION,8296,5776,58.95,Pass
2012-11-06,TOWN OF KNIGHTDALE PARK AND RECREATIONAL FACILITY BONDS REFERENDUM,WAKE,WAKE,4758,1292,78.64,Pass
2012-11-06,TOWN OF MORRISVILLE PARKS AND RECREATIONAL BONDS REFERENDUM,WAKE,WAKE,5795,2036,74.0,Pass
2012-11-06,TOWN OF MORRISVILLE STREET IMPROVEMENT BONDS REFERENDUM,WAKE,WAKE,6269,1597,79.7,Pass
2012-11-06,WAKE COUNTY COMMUNITY COLLEGE BONDS REFERENDUM,WAKE,WAKE,308601,114514,72.94,Pass
2013-09-10,CITY OF SANFORD GENERAL OBLIGATION GREENWAY BONDS REFERENDUM,LEE,LEE,1265,1217,50.97,Pass
2013-09-10,CITY OF SANFORD GENERAL OBLIGATION PARKS AND RECREATION BONDS REFERENDUM,LEE,LEE,1403,1097,56.12,Pass
2013-09-10,CITY OF SANFORD GENERAL OBLIGATION SIDEWALK BONDS REFERENDUM,LEE,LEE,1423,1072,57.03,Pass
2013-09-10,CITY OF SANFORD GENERAL OBLIGATION STREETSCAPE BONDS REFERENDUM,LEE,LEE,1318,1177,52.83,Pass
2013-10-08,CITY OF RALEIGH GENERAL OBLIGATION TRANSPORTATION BONDS REFERENDUM,WAKE,WAKE;DURHAM,32011,13784,69.9,Pass
2013-10-08,WAKE COUNTY GENERAL OBLIGATION SCHOOL BONDS REFERENDUM,WAKE,WAKE,56905,41651,57.74,Pass
2014-05-06,BALD HEAD ISLAND BEACH IMPROVEMENT BONDS,BRUNSWICK,BRUNSWICK,126,14,90.0,Pass
2014-05-06,DAVIE COUNTY PARKS AND RECREATION BONDS,DAVIE,DAVIE,8018,6295,56.02,Pass
2014-05-06,DAVIE COUNTY SCHOOL BONDS,DAVIE,DAVIE,7809,6716,53.76,Pass
2014-05-06,GOLDSBORO PARKS AND RECREATIONAL BONDS,WAYNE,WAYNE,1350,1626,45.36,Fail
2014-05-06,MOORESVILLE PARKS AND RECREATION BONDS,IREDELL,IREDELL,1449,1197,54.76,Pass
2014-05-06,MOORESVILLE STREET AND SIDEWALK BONDS,IREDELL,IREDELL,1652,968,63.05,Pass
2014-11-04,BLOWING ROCK PARKS AND RECREATION BONDS,WATAUGA,WATAUGA;CALDWELL,495,186,72.69,Pass
2014-11-04,BLOWING ROCK SANITARY SEWER SYSTEM BONDS,WATAUGA,WATAUGA;CALDWELL,550,126,81.36,Pass
2014-11-04,BLOWING ROCK STREETS AND SIDEWALKS BONDS,WATAUGA,WATAUGA;CALDWELL,502,178,73.82,Pass
2014-11-04,BLOWING ROCK WATER SYSTEMS BONDS,WATAUGA,WATAUGA;CALDWELL,539,138,79.62,Pass
2014-11-04,CABARRUS COUNTY COMMUNITY COLLEGE BONDS,CABARRUS,CABARRUS,30699,17316,63.94,Pass
2014-11-04,CABARRUS COUNTY SCHOOL BONDS,CABARRUS,CABARRUS,31424,16676,65.33,Pass
2014-11-04,CHARLOTTE HOUSING BONDS,MECKLENBURG,MECKLENBURG,125192,71670,63.59,Pass
2014-11-04,CHARLOTTE NEIGHBORHOOD IMPROVEMENT BONDS,MECKLENBURG,MECKLENBURG,140869,57298,71.09,Pass
2014-11-04,CHARLOTTE PUBLIC IMPROVEMENT BONDS,MECKLENBURG,MECKLENBURG,138394,58784,70.19,Pass
2014-11-04,CITY OF WS ECONOMIC DEVELOPMENT BONDS,FORSYTH,FORSYTH,36973,25622,59.07,Pass
2014-11-04,CITY OF WS HOUSING BONDS,FORSYTH,FORSYTH,39848,23398,63.0,Pass
2014-11-04,CITY OF WS PARKS AND RECREATION BONDS,FORSYTH,FORSYTH,43227,20051,68.31,Pass
2014-11-04,CITY OF WS PUBLIC SAFETY FACILITIES BOND,FORSYTH,FORSYTH,41712,20878,66.64,Pass
2014-11-04,CITY OF WS STREET AND SIDEWALK BONDS,FORSYTH,FORSYTH,45278,18552,70.94,Pass
2014-11-04,COMMUNITY COLLEGE BONDS  - VETERINARY,LEE,LEE,10258,4623,68.93,Pass
2014-11-04,COMMUNITY COLLEGE BONDS - CIVIC CENTER,LEE,LEE,9460,5430,63.53,Pass
2014-11-04,COMMUNITY COLLEGE BONDS - EMERGENCY,LEE,LEE,10529,4310,70.95,Pass
2014-11-04,COMMUNITY COLLEGE BONDS - HEALTH SCIENCE,LEE,LEE,10478,4499,69.96,Pass
2014-11-04,HARNETT COUNTY SCHOOL BONDS,HARNETT,HARNETT,13384,12365,51.98,Pass
2014-11-04,HICKORY ECONOMIC DEVELOPMENT BONDS,CATAWBA,CATAWBA;BURKE,6414,5144,55.49,Pass
2014-11-04,HICKORY STREETS AND SIDEWALK BONDS,CATAWBA,CATAWBA;BURKE,6938,4613,60.06,Pass
2014-11-04,IREDELL COUNTY COMMUNITY COLLEGE BONDS,IREDELL,IREDELL,26193,22338,53.97,Pass
2014-11-04,IREDELL COUNTY SCHOOL BONDS,IREDELL,IREDELL,27590,21831,55.83,Pass
2014-11-04,NEW HANOVER COUNTY SCHOOL BONDS,NEW HANOVER,NEW HANOVER,40888,23140,63.86,Pass
2014-11-04,PENDER COUNTY SCHOOL BONDS,PENDER,PENDER,8992,6753,57.11,Pass
2014-11-04,RALEIGH PARKS AND REC FACILITIES BONDS,WAKE,WAKE;DURHAM,88512,41697,67.98,Pass
2014-11-04,WAKE FOREST GREENWAY IMPROVEMENT BONDS,WAKE,WAKE;FRANKLIN,7132,3768,65.43,Pass
2014-11-04,WAKE FOREST PARKS AND RECREATION BONDS,WAKE,WAKE;FRANKLIN,7122,3748,65.52,Pass
2014-11-04,WAKE FOREST STREET AND SIDEWALK BONDS,WAKE,WAKE;FRANKLIN,7654,3230,70.32,Pass
2014-11-04,WILMINGTON STREET AND SIDEWALK BONDS,NEW HANOVER,NEW HANOVER,20923,11306,64.92,Pass
2015-11-03,Bald Head Island Bond,BRUNSWICK,BRUNSWICK,79,75,51.3,Pass
2015-11-03,GREENVILLE STREET AND PEDESTRIAN TRANSPORTATION BONDS,PITT,PITT,6451,2701,70.49,Pass
2015-11-03,TOWN OF APEX STREET AND SIDEWALK IMPROVEMENT BONDS,WAKE,WAKE,4806,875,84.6,Pass
2015-11-03,TOWN OF CHAPEL HILL BONDS FOR RECREATIONAL FACILITIES,ORANGE,ORANGE;DURHAM,6356,2329,73.18,Pass
2015-11-03,TOWN OF CHAPEL HILL BONDS FOR SOLID WASTE FACILITIES,ORANGE,ORANGE;DURHAM,7050,1695,80.62,Pass
2015-11-03,TOWN OF CHAPEL HILL BONDS FOR STORMWATER IMPROVEMENTS,ORANGE,ORANGE;DURHAM,7101,1583,81.77,Pass
2015-11-03,TOWN OF CHAPEL HILL BONDS FOR STREETS AND SIDEWALKS,ORANGE,ORANGE;DURHAM,6852,1795,79.24,Pass
2015-11-03,TOWN OF CHAPEL HILL BONDS FOR TRAILS AND GREENWAYS,ORANGE,ORANGE;DURHAM,6896,1920,78.22,Pass
2015-11-03,TOWN OF FUQUAY-VARINA SEWER SYSTEM IMPROVEMENTS BONDS,WAKE,WAKE,1786,350,83.61,Pass
2015-11-03,TOWN OF FUQUAY-VARINA TRANSPORTATION IMPROVEMENTS BONDS,WAKE,WAKE,1776,386,82.15,Pass
2015-11-03,TOWN OF FUQUAY-VARINA WATER SYSTEM IMPROVEMENTS BONDS,WAKE,WAKE,1784,352,83.52,Pass
2016-03-15,CITY OF FAYETTEVILLE BOND REFERENDUM,CUMBERLAND,CUMBERLAND,21323,14785,59.05,Pass
2016-03-15,CONNECT NC PUBLIC IMPROVEMENT BOND,WAKE,WAKE;MECKLENBURG;GUILFORD;FORSYTH;DURHAM;BUNCOMBE;CUMBERLAND;NEW HANOVER;ORANGE;UNION;CABARRUS;GASTON;JOHNSTON;IREDELL;PITT;CATAWBA;BRUNSWICK;DAVIDSON;ALAMANCE;HENDERSON;ROWAN;RANDOLPH;MOORE;ONSLOW;NASH;WAYNE;CHATHAM;CRAVEN;CARTERET;ROBESON;HARNETT;ROCKINGHAM;BURKE;CLEVELAND;LINCOLN;WILSON;CALDWELL;HAYWOOD;WILKES;WATAUGA;FRANKLIN;SURRY;STANLY;RUTHERFORD;LENOIR;PENDER;GRANVILLE;BEAUFORT;DAVIE;SAMPSON;LEE;HALIFAX;EDGECOMBE;STOKES;COLUMBUS;PERSON;TRANSYLVANIA;DARE;JACKSON;DUPLIN;MACON;MCDOWELL;YADKIN;VANCE;BLADEN;HOKE;ALEXANDER;CHEROKEE;RICHMOND;ASHE;PASQUOTANK;SCOTLAND;MADISON;POLK;CURRITUCK;MARTIN;NORTHAMPTON;WARREN;YANCEY;MONTGOMERY;CASWELL;HERTFORD;ANSON;AVERY;MITCHELL;GREENE;PAMLICO;BERTIE;CLAY;CHOWAN;PERQUIMANS;ALLEGHANY;SWAIN;WASHINGTON;JONES;GRAHAM;CAMDEN;GATES;HYDE;TYRRELL,1420072,745295,65.58,Pass
2016-11-08,ASHEVILLE GENERAL OBLIGATION HOUSING BONDS,BUNCOMBE,BUNCOMBE,33267,13447,71.21,Pass
2016-11-08,ASHEVILLE GENERAL OBLIGATION PARKS AND RECREATION BONDS,BUNCOMBE,BUNCOMBE,36166,10822,76.97,Pass
2016-11-08,ASHEVILLE GENERAL OBLIGATION TRANSPORTATION BONDS,BUNCOMBE,BUNCOMBE,35393,11294,75.81,Pass
2016-11-08,BRUNSWICK COUNTY SCHOOL BONDS,BRUNSWICK,BRUNSWICK,44926,21927,67.2,Pass
2016-11-08,CITY OF GOLDSBORO INFRASTRUCTURE BONDS,WAYNE,WAYNE,11111,1958,85.02,Pass
2016-11-08,CITY OF GOLDSBORO PARKS AND RECREATION BONDS,WAYNE,WAYNE,10587,2422,81.38,Pass
2016-11-08,COMMUNITY AND ECONOMIC DEVELOPMENT BONDS,GUILFORD,GUILFORD,93062,38291,70.85,Pass
2016-11-08,COMMUNITY COLLEGE BONDS,DURHAM,DURHAM,124912,24374,83.67,Pass
2016-11-08,FORSYTH COUNTY COMMUNITY COLLEGE BONDS,FORSYTH,FORSYTH,114699,51432,69.04,Pass
2016-11-08,FORSYTH COUNTY PARKS AND RECREATIONAL FACILITIES BONDS,FORSYTH,FORSYTH,118486,48625,70.9,Pass
2016-11-08,FORSYTH COUNTY SCHOOL BONDS,FORSYTH,FORSYTH,122838,44323,73.48,Pass
2016-11-08,HOUSING BONDS,GUILFORD,GUILFORD,90416,41689,68.44,Pass
2016-11-08,Housing Bonds,MECKLENBURG,MECKLENBURG,240025,103111,69.95,Pass
2016-11-08,LIBRARY FACILITIES BONDS,DURHAM,DURHAM,120129,28958,80.58,Pass
2016-11-08,MUSEUM BONDS,DURHAM,DURHAM,117167,31881,78.61,Pass
2016-11-08,Neighborhood Improvements Bonds,MECKLENBURG,MECKLENBURG,267946,76193,77.86,Pass
2016-11-08,ORANGE COUNTY BONDS FOR LOW AND MODERATE INCOME HOUSING,ORANGE,ORANGE,51176,26786,65.64,Pass
2016-11-08,ORANGE COUNTY SCHOOL BONDS,ORANGE,ORANGE,58789,19038,75.54,Pass
2016-11-08,PARKS AND RECREATION BONDS,GUILFORD,GUILFORD,94741,37539,71.62,Pass
2016-11-08,SCHOOL BONDS,DURHAM,DURHAM,127095,22562,84.92,Pass
2016-11-08,TRANSPORTATION BONDS,GUILFORD,GUILFORD,95902,36009,72.7,Pass
2016-11-08,Transportation Bonds,MECKLENBURG,MECKLENBURG,264087,79642,76.83,Pass
2016-11-08,UNION COUNTY COMMUNITY COLLEGE BONDS,UNION,UNION,58571,39985,59.43,Pass
2016-11-08,UNION COUNTY LIBRARY BONDS,UNION,UNION,63038,36691,63.21,Pass
2016-11-08,UNION COUNTY SCHOOL BONDS,UNION,UNION,71646,29348,70.94,Pass
2016-11-08,WILMINGTON PARKS AND RECREATION BONDS,NEW HANOVER,NEW HANOVER,34247,19374,63.87,Pass
2016-11-08,WOODFIN GENERAL OBLIGATION PARKS AND RECREATION BONDS,BUNCOMBE,BUNCOMBE,2070,827,71.45,Pass
2017-10-10,CITY OF RALEIGH TRANSPORTATION BONDS,WAKE,WAKE;DURHAM,37155,14300,72.21,Pass
2017-11-07,GENERAL OBLIGATION GREENWAY BONDS,MECKLENBURG,MECKLENBURG;IREDELL,2542,1233,67.34,Pass
2017-11-07,GENERAL OBLIGATION MOBILITY BONDS,MECKLENBURG,MECKLENBURG;IREDELL,2558,1210,67.89,Pass
2017-11-07,GENERAL OBLIGATION PARKS AND RECREATION BONDS,MECKLENBURG,MECKLENBURG;IREDELL,2480,1285,65.87,Pass
2017-11-07,SCHOOL BONDS,MECKLENBURG,MECKLENBURG,105694,39675,72.71,Pass
2017-11-07,TOWN OF APEX PARKS AND RECREATIONAL FACILITIES BONDS,WAKE,WAKE,4741,1496,76.01,Pass
2017-11-07,TOWN OF HARRISBURG PARKS AND RECREATION BOND REFERENDUM,CABARRUS,CABARRUS,1146,1825,38.57,Fail
2017-11-07,TOWN OF HARRISBURG TRANSPORTATION BOND REFERENDUM,CABARRUS,CABARRUS,1538,1434,51.75,Pass
2018-05-08,Bald Head Island Beach Improvement Bonds,BRUNSWICK,BRUNSWICK,69,22,75.82,Pass
2018-05-08,Sandhills Community College Bonds,MOORE,MOORE,13234,4012,76.74,Pass
2018-05-08,School Bonds,MOORE,MOORE;GASTON,23419,7865,74.86,Pass
2018-11-06,ALAMANCE COUNTY COMMUNITY COLLEGE BONDS,ALAMANCE,ALAMANCE,35785,18454,65.98,Pass
2018-11-06,ALAMANCE COUNTY SCHOOL BONDS,ALAMANCE,ALAMANCE,37883,16652,69.47,Pass
2018-11-06,CASWELL COUNTY SCHOOL BONDS,CASWELL,CASWELL,4927,3121,61.22,Pass
2018-11-06,CITY OF CHARLOTTE HOUSING BONDS,MECKLENBURG,MECKLENBURG,190275,87988,68.38,Pass
2018-11-06,CITY OF CHARLOTTE NEIGHBORHOOD IMPROVEMENTS BONDS,MECKLENBURG,MECKLENBURG,202537,75653,72.81,Pass
2018-11-06,CITY OF CHARLOTTE TRANSPORTATION BONDS,MECKLENBURG,MECKLENBURG,190969,85955,68.96,Pass
2018-11-06,CITY OF WINSTON-SALEM ECONOMIC DEVELOPMENT BONDS,FORSYTH,FORSYTH,47400,33743,58.42,Pass
2018-11-06,CITY OF WINSTON-SALEM HOUSING BONDS,FORSYTH,FORSYTH,50313,31237,61.7,Pass
2018-11-06,CITY OF WINSTON-SALEM PARKS AND RECREATION BONDS,FORSYTH,FORSYTH,52747,28687,64.77,Pass
2018-11-06,CITY OF WINSTON-SALEM PUBLIC SAFETY FACILITIES BONDS,FORSYTH,FORSYTH,52681,28428,64.95,Pass
2018-11-06,CITY OF WINSTON-SALEM STREET AND SIDEWALK BONDS,FORSYTH,FORSYTH,53756,27679,66.01,Pass
2018-11-06,JOHNSTON COUNTY COMMUNITY COLLEGE BONDS,JOHNSTON,JOHNSTON,39080,23920,62.03,Pass
2018-11-06,JOHNSTON COUNTY SCHOOL BONDS,JOHNSTON,JOHNSTON,40447,22736,64.02,Pass
2018-11-06,TOWN OF CEDAR POINT PARKS AND RECREATION BOND,CARTERET,CARTERET,527,242,68.53,Pass
2018-11-06,TOWN OF CHAPEL HILL AFFORDABLE HOUSING BONDS,ORANGE,ORANGE;DURHAM,18518,7285,71.77,Pass
2018-11-06,TOWN OF CORNELIUS TRANSPORTATION BONDS,MECKLENBURG,MECKLENBURG,9002,3790,70.37,Pass
2018-11-06,TOWN OF HOLLY SPRINGS TRANSPORTATION IMPROVEMENTS BONDS,WAKE,WAKE,8494,5667,59.98,Pass
2018-11-06,TOWN OF MINT HILL PARKS AND RECREATION BONDS,MECKLENBURG,MECKLENBURG,5120,5779,46.98,Fail
2018-11-06,TOWN OF MINT HILL PUBLIC FACILITY BONDS,MECKLENBURG,MECKLENBURG,5130,5664,47.53,Fail
2018-11-06,TRANSYLVANIA COUNTY GENERAL OBLIGATION SCHOOL BOND,TRANSYLVANIA,TRANSYLVANIA,9313,6297,59.66,Pass
2018-11-06,UNION COUNTY PUBLIC FACILITY BONDS,UNION,UNION,34334,48074,41.66,Fail
2018-11-06,UNION COUNTY PUBLIC SAFETY BONDS,UNION,UNION,44322,38478,53.53,Pass
2018-11-06,"WAKE CO. PARKS, GREENWAYS, RECREATION, AND OPEN SPACE BONDS",WAKE,WAKE,290019,136310,68.03,Pass
2018-11-06,WAKE COUNTY COMMUNITY COLLEGE BONDS,WAKE,WAKE,276279,148324,65.07,Pass
2018-11-06,WAKE COUNTY SCHOOL BONDS,WAKE,WAKE,283769,141528,66.72,Pass
2019-10-08,TOWN OF CARY PARKS AND RECREATIONAL FACILITIES BONDS,WAKE,WAKE;CHATHAM,12979,3966,76.59,Pass
2019-10-08,TOWN OF CARY TRANSPORTATION BONDS,WAKE,WAKE;CHATHAM,13562,3408,79.92,Pass
2019-11-05,CITY OF DURHAM HOUSING BONDS,DURHAM,DURHAM;WAKE;ORANGE,26766,8503,75.89,Pass
2019-11-05,CITY OF HIGH POINT HOUSING BONDS,GUILFORD,GUILFORD;DAVIDSON;RANDOLPH;FORSYTH,7718,3167,70.9,Pass
2019-11-05,CITY OF HIGH POINT PARKS AND RECREATION BONDS,GUILFORD,GUILFORD;DAVIDSON;RANDOLPH;FORSYTH,8303,2587,76.24,Pass
2019-11-05,CITY OF HIGH POINT STREETS AND SIDEWALK BONDS,GUILFORD,GUILFORD;DAVIDSON;RANDOLPH;FORSYTH,8367,2529,76.79,Pass
2019-11-05,TOWN OF CLAYTON PARKS AND RECREATION BONDS,JOHNSTON,JOHNSTON,816,306,72.73,Pass
2019-11-05,TOWN OF DAVIDSON PUBLIC FACILITIES BONDS,MECKLENBURG,MECKLENBURG;IREDELL,1974,865,69.53,Pass
2020-03-03,IREDELL COUNTY COMMUNITY COLLEGE BONDS,IREDELL,IREDELL,24114,12867,65.21,Pass
2020-03-03,IREDELL COUNTY SCHOOL BONDS,IREDELL,IREDELL,24755,12454,66.53,Pass
2020-03-03,ROWAN COUNTY COMMUNITY COLLEGE BONDS,ROWAN,ROWAN,14356,10742,57.2,Pass
2020-11-03,CARTERET COUNTY SCHOOL BONDS REFERENDUM,CARTERET,CARTERET,29202,11351,72.01,Pass
2020-11-03,CITY OF CHARLOTTE HOUSING BONDS REFERENDUM,MECKLENBURG,MECKLENBURG,320414,95028,77.13,Pass
2020-11-03,CITY OF CHARLOTTE NEIGHBORHOOD IMPROVEMENT BONDS REFERENDUM,MECKLENBURG,MECKLENBURG,326836,87748,78.83,Pass
2020-11-03,CITY OF CHARLOTTE TRANSPORTATION BONDS REFERENDUM,MECKLENBURG,MECKLENBURG,321026,93552,77.43,Pass
2020-11-03,CITY OF CHERRYVILLE BONDS FOR DOWNTOWN IMPROVEMENTS,GASTON,GASTON,1632,1265,56.33,Pass
2020-11-03,CITY OF CHERRYVILLE BONDS FOR SEWER SYSTEM IMPROVEMENTS,GASTON,GASTON,2166,756,74.13,Pass
2020-11-03,CITY OF CHERRYVILLE BONDS FOR WATER SYSTEM IMPROVEMENTS,GASTON,GASTON,2165,761,73.99,Pass
2020-11-03,CITY OF RALEIGH HOUSING BONDS REFERENDUM,WAKE,WAKE;DURHAM,168853,66581,71.72,Pass
2020-11-03,COUNTY OF CAMDEN SCHOOL BONDS REFERENDUM,CAMDEN,CAMDEN,4147,1530,73.05,Pass
2020-11-03,COUNTY OF LEE PARKS AND RECREATION BONDS REFERENDUM,LEE,LEE,16180,11436,58.59,Pass
2020-11-03,GUILFORD COUNTY SCHOOL BONDS REFERENDUM,GUILFORD,GUILFORD,196084,74305,72.52,Pass
2020-11-03,JACKSON COUNTY BONDS FOR INDOOR POOL FACILITIES,JACKSON,JACKSON,10550,9970,51.41,Pass
2020-11-03,TOWN OF CAPE CARTERET PUBLIC IMPROVEMENT BONDS REFERENDUM,CARTERET,CARTERET,715,762,48.41,Fail
2021-11-02,CITY OF MOUNT HOLLY PARKS AND RECREATION BONDS,GASTON,GASTON,893,1121,44.34,Fail
2021-11-02,CITY OF SHELBY STREET AND SIDEWALK IMPROVEMENT BONDS,CLEVELAND,CLEVELAND,709,195,78.43,Pass
2021-11-02,TOWN OF APEX STREET AND SIDEWALK IMPROVEMENT BONDS,WAKE,WAKE,7492,3051,71.06,Pass
2021-11-02,TOWN OF FUQUAY-VARINA PARKS AND RECREATION BONDS,WAKE,WAKE,3970,1809,68.7,Pass
2021-11-02,TOWN OF FUQUAY-VARINA TRANSPORTATION IMPROVEMENTS BONDS,WAKE,WAKE,4435,1363,76.49,Pass
2021-11-02,TOWN OF GARNER PARKS AND RECREATIONAL BONDS,WAKE,WAKE,2180,720,75.17,Pass
2021-11-02,TOWN OF GARNER PUBLIC SAFETY AND SERVICES FACILITIES BONDS,WAKE,WAKE,2336,571,80.36,Pass
2021-11-02,TOWN OF GARNER STORMWATER BONDS,WAKE,WAKE,2403,502,82.72,Pass
2021-11-02,TOWN OF GARNER STREET AND SIDEWALK IMPROVEMENT BONDS,WAKE,WAKE,2325,588,79.81,Pass
2021-11-02,TOWN OF MORRISVILLE PARKS AND RECREATION IMPROVEMENT BONDS,WAKE,WAKE;DURHAM,2027,989,67.21,Pass
2021-11-02,TOWN OF MORRISVILLE PUBLIC SAFETY IMPROVEMENT BONDS,WAKE,WAKE;DURHAM,2105,919,69.61,Pass
2021-11-02,"TOWN OF MORRISVILLE STREETS, SIDEWALK AND CONNECTIVITY BONDS",WAKE,WAKE;DURHAM,2237,788,73.95,Pass
2021-11-02,VILLAGE OF BALD HEAD ISLAND PUBLIC TRANSPORTATION BONDS,BRUNSWICK,BRUNSWICK,173,122,58.64,Pass
2022-05-17,GUILFORD COUNTY SCHOOL BOND REFERENDUM,GUILFORD,GUILFORD,45639,29577,60.68,Pass
2022-07-26,CITY OF GREENSBORO FIREFIGHTING FACILITIES BONDS,GUILFORD,GUILFORD,24729,7783,76.06,Pass
2022-07-26,CITY OF GREENSBORO HOUSING BONDS,GUILFORD,GUILFORD,21953,10547,67.55,Pass
2022-07-26,CITY OF GREENSBORO LAW ENFORCEMENT FACILITIES BONDS,GUILFORD,GUILFORD,21227,11198,65.46,Pass
2022-07-26,CITY OF GREENSBORO PARKS AND RECREATION BONDS,GUILFORD,GUILFORD,21636,10867,66.57,Pass
2022-07-26,CITY OF GREENSBORO TRANSPORTATION BONDS,GUILFORD,GUILFORD,22509,10004,69.23,Pass
2022-11-08,BUNCOMBE COUNTY HOUSING BONDS REFERENDUM,BUNCOMBE,BUNCOMBE,71373,43909,61.91,Pass
2022-11-08,BUNCOMBE COUNTY OPEN SPACE BONDS REFERENDUM,BUNCOMBE,BUNCOMBE,79365,35859,68.88,Pass
2022-11-08,CITY OF BOILING SPRING LAKES DAM RESTORATION BONDS,BRUNSWICK,BRUNSWICK,1714,924,64.97,Pass
2022-11-08,CITY OF CHARLOTTE HOUSING BONDS REFERENDUM,MECKLENBURG,MECKLENBURG,192915,67697,74.02,Pass
2022-11-08,CITY OF CHARLOTTE NEIGHBORHOOD IMPROVEMENTS BONDS REFERENDUM,MECKLENBURG,MECKLENBURG,200879,59364,77.19,Pass
2022-11-08,CITY OF CHARLOTTE TRANSPORTATION BONDS REFERENDUM,MECKLENBURG,MECKLENBURG,200986,59311,77.21,Pass
2022-11-08,CITY OF CONCORD PARKS AND RECREATION BONDS REFERENDUM,CABARRUS,CABARRUS,20157,10327,66.12,Pass
2022-11-08,CITY OF FAYETTEVILLE CONNECTIVITY IMPROVEMENT BONDS,CUMBERLAND,CUMBERLAND,30998,15592,66.53,Pass
2022-11-08,CITY OF FAYETTEVILLE HOUSING BONDS,CUMBERLAND,CUMBERLAND,27641,18999,59.26,Pass
2022-11-08,CITY OF FAYETTEVILLE PUBLIC SAFETY IMPROVEMENT BONDS,CUMBERLAND,CUMBERLAND,28796,17752,61.86,Pass
2022-11-08,CITY OF GASTONIA TRANSPORTATION BONDS REFERENDUM,GASTON,GASTON,14477,6895,67.74,Pass
2022-11-08,CITY OF RALEIGH PARKS AND RECREATIONAL FACILITIES BONDS,WAKE,WAKE;DURHAM,119623,43743,73.22,Pass
2022-11-08,DURHAM COUNTY GENERAL OBLIGATION MUSEUM BONDS REFERENDUM,DURHAM,DURHAM,98448,26273,78.93,Pass
2022-11-08,DURHAM COUNTY GENERAL OBLIGATION SCHOOL BONDS REFERENDUM,DURHAM,DURHAM,104063,20903,83.27,Pass
2022-11-08,DURHAM TECHNICAL COMMUNITY COLLEGE BONDS REFERENDUM,DURHAM,DURHAM,102568,22221,82.19,Pass
2022-11-08,JOHNSTON COUNTY GENERAL OBLIGATION SCHOOL BONDS REFERENDUM,JOHNSTON,JOHNSTON,46372,25167,64.82,Pass
2022-11-08,PENDER COUNTY GENERAL OBLIGATION SCHOOL BONDS REFERENDUM,PENDER,PENDER,11133,9842,53.08,Pass
2022-11-08,TOWN OF MATTHEWS TRANSPORTATION BONDS REFERENDUM,MECKLENBURG,MECKLENBURG,7349,5533,57.05,Pass
2022-11-08,TOWN OF WAKE FOREST GREENWAY IMPROVEMENT BONDS,WAKE,WAKE;FRANKLIN,13456,6407,67.74,Pass
2022-11-08,TOWN OF WAKE FOREST PARKING FACILITIES BONDS,WAKE,WAKE;FRANKLIN,11050,8719,55.9,Pass
2022-11-08,TOWN OF WAKE FOREST PARKS AND RECREATION BONDS,WAKE,WAKE;FRANKLIN,14033,5867,70.52,Pass
2022-11-08,TOWN OF WAKE FOREST ROADWAY AND TRANSPORTATION BONDS,WAKE,WAKE;FRANKLIN,15193,4678,76.46,Pass
2022-11-08,UNION COUNTY GENERAL OBLIGATION COMMUNITY COLLEGE BONDS,UNION,UNION,47546,37684,55.79,Pass
2022-11-08,UNION COUNTY GENERAL OBLIGATION SCHOOL BONDS,UNION,UNION,53164,32506,62.06,Pass
2022-11-08,WAKE COUNTY COMMUNITY COLLEGE BONDS REFERENDUM,WAKE,WAKE,302971,132367,69.59,Pass
2022-11-08,WAKE COUNTY SCHOOL BONDS REFERENDUM,WAKE,WAKE,310225,125907,71.13,Pass
2023-11-07,CHARLOTTE-MECKLENBURG SCHOOLS FACILITIES BONDS REFERENDUM,MECKLENBURG,MECKLENBURG,75785,44301,63.11,Pass
2023-11-07,TOWN OF BEECH MOUNTAIN WATER SYSTEM BONDS REFERENDUM,WATAUGA,WATAUGA;AVERY,149,27,84.66,Pass
2023-11-07,TOWN OF FUQUAY-VARINA PARKS AND RECREATION BONDS REFERENDUM,WAKE,WAKE,2488,3518,41.43,Fail
2023-11-07,TOWN OF HOLLY SPRINGS PARKS AND RECREATION BONDS REFERENDUM,WAKE,WAKE,4685,2708,63.37,Pass
2023-11-07,TOWN OF HUNTERSVILLE PARKS AND RECREATION BONDS REFERENDUM,MECKLENBURG,MECKLENBURG;CABARRUS,7581,2565,74.72,Pass
2023-11-07,TOWN OF HUNTERSVILLE TRANSPORTATION BONDS REFERENDUM,MECKLENBURG,MECKLENBURG;CABARRUS,7877,2268,77.64,Pass
2023-11-07,TOWN OF WENDELL PARKS AND RECREATIONAL FACILITIES BONDS,WAKE,WAKE,1130,530,68.07,Pass
2023-11-07,TOWN OF WENDELL TRANSPORTATION BONDS,WAKE,WAKE,1207,454,72.67,Pass
2024-03-05,VILLAGE OF BALD HEAD ISLAND BEACH IMPROVEMENTS BONDS 13.5,BRUNSWICK,BRUNSWICK,148,51,74.37,Pass
2024-03-05,VILLAGE OF BALD HEAD ISLAND BEACH IMPROVEMENTS BONDS 4.5,BRUNSWICK,BRUNSWICK,132,65,67.01,Pass
2024-03-05,VILLAGE OF MARVIN PARKS AND RECREATION BONDS REFERENDUM,UNION,UNION,357,1555,18.67,Fail
2024-03-05,VILLAGE OF MARVIN TRANSPORTATION BONDS REFERENDUM,UNION,UNION,418,1495,21.85,Fail
2024-11-05,CHOWAN COUNTY PARKS AND RECREATION BONDS REFERENDUM,CHOWAN,CHOWAN,2359,4382,34.99,Fail
2024-11-05,CITY OF ASHEVILLE HOUSING BONDS REFERENDUM,BUNCOMBE,BUNCOMBE,35060,14352,70.95,Pass
2024-11-05,CITY OF ASHEVILLE PARKS AND RECREATION BONDS REFERENDUM,BUNCOMBE,BUNCOMBE,39094,11031,77.99,Pass
2024-11-05,CITY OF ASHEVILLE PUBLIC SAFETY BONDS REFERENDUM,BUNCOMBE,BUNCOMBE,36422,13557,72.87,Pass
2024-11-05,CITY OF ASHEVILLE TRANSPORTATION BONDS REFERENDUM,BUNCOMBE,BUNCOMBE,37519,12382,75.19,Pass
2024-11-05,CITY OF BELMONT TRANSPORTATION BONDS REFERENDUM,GASTON,GASTON,4077,5157,44.15,Fail
2024-11-05,CITY OF BURLINGTON PARKS AND RECREATION BONDS REFERENDUM,ALAMANCE,ALAMANCE;GUILFORD,12472,12217,50.52,Pass
2024-11-05,CITY OF BURLINGTON STREET AND SIDEWALK BONDS REFERENDUM,ALAMANCE,ALAMANCE;GUILFORD,14203,10530,57.43,Pass
2024-11-05,CITY OF CHARLOTTE HOUSING BONDS REFERENDUM,MECKLENBURG,MECKLENBURG,263403,150955,63.57,Pass
2024-11-05,CITY OF CHARLOTTE NEIGHBORHOOD IMPROVEMENT BONDS REFERENDUM,MECKLENBURG,MECKLENBURG,294299,120200,71.0,Pass
2024-11-05,CITY OF CHARLOTTE TRANSPORTATION BONDS REFERENDUM,MECKLENBURG,MECKLENBURG,277122,137283,66.87,Pass
2024-11-05,CITY OF DURHAM PARKS AND RECREATION BONDS REFERENDUM,DURHAM,DURHAM;WAKE;ORANGE,108758,41166,72.54,Pass
2024-11-05,CITY OF DURHAM STREETS AND SIDEWALK BONDS REFERENDUM,DURHAM,DURHAM;WAKE;ORANGE,113982,37354,75.32,Pass
2024-11-05,JOHNSTON COUNTY COMMUNITY COLLEGE BONDS REFERENDUM,JOHNSTON,JOHNSTON,61427,51817,54.24,Pass
2024-11-05,JOHNSTON COUNTY SCHOOL BONDS REFERENDUM,JOHNSTON,JOHNSTON,64157,48903,56.75,Pass
2024-11-05,ORANGE COUNTY SCHOOL BONDS REFERENDUM,ORANGE,ORANGE,56138,27040,67.49,Pass
2024-11-05,TOWN OF CARY HOUSING BONDS REFERENDUM,WAKE,WAKE;CHATHAM;DURHAM,47576,50402,48.56,Fail
2024-11-05,TOWN OF CARY PARKS AND RECREATION BONDS REFERENDUM,WAKE,WAKE;CHATHAM;DURHAM,44091,54114,44.9,Fail
2024-11-05,TOWN OF CHAPEL HILL HOUSING BONDS REFERENDUM,ORANGE,ORANGE;DURHAM,22254,8330,72.76,Pass
2024-11-05,TOWN OF CHAPEL HILL OPEN SPACE GREENWAYS BONDS REFERENDUM,ORANGE,ORANGE;DURHAM,24728,5919,80.69,Pass
2024-11-05,TOWN OF CHAPEL HILL PARKS AND RECREATION BONDS REFERENDUM,ORANGE,ORANGE;DURHAM,24560,6008,80.35,Pass
2024-11-05,TOWN OF CHAPEL HILL PUBLIC BUILDING BONDS REFERENDUM,ORANGE,ORANGE;DURHAM,21578,8720,71.22,Pass
2024-11-05,TOWN OF CHAPEL HILL STREETS AND SIDEWALKS BONDS REFERENDUM,ORANGE,ORANGE;DURHAM,23935,6601,78.38,Pass
2024-11-05,TOWN OF CORNELIUS PARKS AND RECREATION BONDS REFERENDUM,MECKLENBURG,MECKLENBURG,11071,7534,59.51,Pass
2024-11-05,TOWN OF ZEBULON STREETS AND SIDEWALKS BONDS REFERENDUM,WAKE,WAKE,2194,2607,45.7,Fail
2024-11-05,UNION COUNTY SCHOOL BONDS REFERENDUM,UNION,UNION,69742,56332,55.32,Pass
2024-11-05,WAKE COUNTY PUBLIC LIBRARIES BONDS REFERENDUM,WAKE,WAKE,350510,270749,56.42,Pass
2025-10-07,CITY OF NEW BERN PARKS AND RECREATIONAL BONDS REFERENDUM,CRAVEN,CRAVEN,3912,2039,65.74,Pass
2025-10-07,CITY OF NEW BERN STORMWATER BONDS REFERENDUM,CRAVEN,CRAVEN,4590,1483,75.58,Pass
2025-10-07,CITY OF NEW BERN STREET AND SIDEWALK BONDS REFERENDUM,CRAVEN,CRAVEN,4145,1810,69.61,Pass
2025-11-04,TOWN OF HOLDEN BEACH PUBLIC IMPROVEMENT BONDS REFERENDUM,BRUNSWICK,BRUNSWICK,213,351,37.77,Fail
2026-03-03,CITY OF HENDERSONVILLE TRANSPORTATION BONDS REFERENDUM,HENDERSON,HENDERSON,1910,944,66.92,Pass
